{
  "0:1:6ms_timestamp": [
    1764963553.8777704,
    1764963554.8783379,
    1764963555.8791926,
    1764963556.8793366,
    1764963557.8799016,
    1764963558.880245,
    1764963559.8808255,
    1764963560.8811324,
    1764963561.8813343,
    1764963562.8815193
  ],
  "0:1:6ms_num_tasks": [
    150,
    141,
    132,
    132,
    132,
    131,
    131,
    132,
    131,
    131
  ],
  "0:1:6ms_num_failures": [
    0,
    0,
    0,
    0,
    0,
    0,
    0,
    0,
    0,
    0
  ],
  "0:1:6ms_ave_time": [
    0.006539725416029492,
    0.006621487818473405,
    0.0065870303131470576,
    0.006580502936037995,
    0.0065701354231516,
    0.0066229634018941915,
    0.006661154223136754,
    0.006590128020792656,
    0.006631936204356667,
    0.006633603097586553
  ],
  "0:2:aggregate(4, drop_last=False)_timestamp": [
    1764963553.8777044,
    1764963554.8782809,
    1764963555.879141,
    1764963556.8792837,
    1764963557.8798423,
    1764963558.8801963,
    1764963559.8807752,
    1764963560.8810792,
    1764963561.8812454,
    1764963562.8814402
  ],
  "0:2:aggregate(4, drop_last=False)_num_tasks": [
    150,
    141,
    132,
    131,
    130,
    132,
    132,
    132,
    132,
    128
  ],
  "0:2:aggregate(4, drop_last=False)_num_failures": [
    0,
    0,
    0,
    0,
    0,
    0,
    0,
    0,
    0,
    0
  ],
  "0:2:aggregate(4, drop_last=False)_ave_time": [
    0.00017020162194967265,
    0.00015379276773925374,
    0.00013777417144879246,
    0.00012438280422610222,
    0.00013824983750684904,
    0.00014187690138703934,
    0.00014060665500547734,
    0.0001447459517018579,
    0.0001349761380080259,
    0.00013642115118273112
  ],
  "0:0:src_queue_timestamp": [
    1764963553.877798,
    1764963554.8783636,
    1764963555.87922,
    1764963556.8793938,
    1764963557.8799274,
    1764963558.880287,
    1764963559.8808498,
    1764963560.8811579,
    1764963561.8813112,
    1764963562.881497
  ],
  "0:0:src_queue_qps": [
    150.79182091448695,
    140.92018475880704,
    131.887214016794,
    131.97734977950498,
    130.92973497861064,
    131.95465776084663,
    130.92396890024494,
    130.95984575901184,
    131.97996372177604,
    129.97569520726762
  ],
  "0:0:src_queue_occupancy_rate": [
    0.9989241922781857,
    1.0,
    1.0,
    1.0,
    1.0,
    1.0,
    1.0,
    1.0,
    1.0,
    1.0
  ],
  "0:0:src_queue_ave_put_time": [
    0.006376380243892568,
    0.006944753447587185,
    0.007469981236764309,
    0.007473649839856528,
    0.007452195476498868,
    0.007462113600040794,
    0.007472022829349855,
    0.0074765182078908145,
    0.007482550468535732,
    0.007465578608501389
  ],
  "0:0:src_queue_ave_get_time": [
    8.490980473279159e-06,
    1.8676204593680383e-06,
    2.013313033702702e-06,
    2.015295621910801e-06,
    2.282467237069403e-06,
    2.1297548135573212e-06,
    2.1567813454921107e-06,
    2.243337470270292e-06,
    2.0311563275754384e-06,
    2.0306861887757595e-06
  ],
  "0:0:src_queue_num_items": [
    151,
    141,
    132,
    132,
    131,
    132,
    131,
    131,
    132,
    130
  ],
  "0:1:6ms_queue_timestamp": [
    1764963553.8777428,
    1764963554.8783119,
    1764963555.87917,
    1764963556.8793132,
    1764963557.8798788,
    1764963558.8802238,
    1764963559.8808036,
    1764963560.8811092,
    1764963561.8812835,
    1764963562.8814707
  ],
  "0:1:6ms_queue_qps": [
    149.79668755165466,
    140.91931987605398,
    131.8865843812943,
    130.98126471808396,
    129.92744019042487,
    131.95330608533837,
    131.92365128540536,
    131.95977709398116,
    131.9781625026353,
    127.97499918588043
  ],
  "0:1:6ms_queue_occupancy_rate": [
    0.005400557804468908,
    0.28097161743959653,
    0.5698230303122002,
    0.5676948262046522,
    0.5722470913804885,
    0.5694729928346954,
    0.5652577249630103,
    0.5686753163414273,
    0.5805815979937867,
    0.5697191951260648
  ],
  "0:1:6ms_queue_ave_put_time": [
    2.5002860153714813e-06,
    0.00036980913033880656,
    0.0009292767340825367,
    0.0009314777615310802,
    0.0009253296453704829,
    0.0008878934648678141,
    0.000853388721322399,
    0.000917342272728225,
    0.0008956280249021663,
    0.0008773922275465226
  ],
  "0:1:6ms_queue_ave_get_time": [
    0.00642962418186168,
    0.004061534822462721,
    0.0015614235308021342,
    0.0015887006057980879,
    0.0015830077714501596,
    0.0015762012952825857,
    0.0015843071547957724,
    0.0015476034746053702,
    0.00154500232945959,
    0.0015960767232172622
  ],
  "0:1:6ms_queue_num_items": [
    150,
    141,
    132,
    131,
    130,
    132,
    132,
    132,
    132,
    128
  ],
  "0:2:aggregate(4, drop_last=False)_queue_timestamp": [
    1764963553.8776588,
    1764963554.8782303,
    1764963555.8791018,
    1764963556.8792386,
    1764963557.8798091,
    1764963558.880166,
    1764963559.8807447,
    1764963560.8810463,
    1764963561.881212,
    1764963562.8814056
  ],
  "0:2:aggregate(4, drop_last=False)_queue_qps": [
    36.95143395189436,
    32.98076225551996,
    32.97144188482156,
    32.99548757343705,
    31.981667566461972,
    32.98804321411964,
    32.980983396440244,
    32.99015036420088,
    32.99454630182217,
    31.993852924694604
  ],
  "0:2:aggregate(4, drop_last=False)_queue_occupancy_rate": [
    0.025181295220889632,
    0.9522558103203469,
    1.0,
    1.0,
    1.0,
    1.0,
    1.0,
    1.0,
    1.0,
    1.0
  ],
  "0:2:aggregate(4, drop_last=False)_queue_ave_put_time": [
    2.5213859673287425e-06,
    0.011362639136080228,
    0.02343313601996862,
    0.023390632934134566,
    0.023409500696288894,
    0.023356351331158515,
    0.023385771790124195,
    0.023480859733271353,
    0.023541670236172044,
    0.023347161470155753
  ],
  "0:2:aggregate(4, drop_last=False)_queue_ave_get_time": [
    0.021345354666983764,
    1.478841471859407e-06,
    1.837732270359993e-06,
    1.970819677370719e-06,
    1.955108018598939e-06,
    2.0113039874669276e-06,
    1.7987931090773959e-06,
    2.029281335353355e-06,
    1.8185061035633305e-06,
    1.807267835822468e-06
  ],
  "0:2:aggregate(4, drop_last=False)_queue_num_items": [
    37,
    33,
    33,
    33,
    32,
    33,
    33,
    33,
    33,
    32
  ],
  "0:3:sink_queue_timestamp": [
    1764963553.8775969,
    1764963554.8781865,
    1764963555.8790512,
    1764963556.8790815,
    1764963557.879762,
    1764963558.880125,
    1764963559.8806996,
    1764963560.880999,
    1764963561.8811657,
    1764963562.8813572
  ],
  "0:3:sink_queue_qps": [
    32.96204170584718,
    32.97849419545917,
    32.97167021816299,
    32.99950150780896,
    31.977612537521903,
    32.98790181954254,
    32.98077154928829,
    32.99068676190805,
    32.99422347025516,
    31.99502614721585
  ],
  "0:3:sink_queue_occupancy_rate": [
    0.8534981364927654,
    1.0,
    1.0,
    1.0,
    1.0,
    1.0,
    1.0,
    1.0,
    1.0,
    1.0
  ],
  "0:3:sink_queue_ave_put_time": [
    0.005713860381446365,
    0.03031017396345058,
    0.030395287589988468,
    0.03038350826439758,
    0.030408998551138183,
    0.03045076406278619,
    0.030450528261787964,
    0.03046493434036766,
    0.0304581699963433,
    0.030449889709416256
  ],
  "0:3:sink_queue_ave_get_time": [
    0.0008460487112064254,
    2.346389616529252e-06,
    2.8205245281713924e-06,
    3.5325206364647153e-06,
    3.8422949728558146e-06,
    4.103393152807698e-06,
    3.771447209697781e-06,
    4.307148187900929e-06,
    3.582085341666684e-06,
    2.9648435884155333e-06
  ],
  "0:3:sink_queue_num_items": [
    33,
    33,
    33,
    33,
    32,
    33,
    33,
    33,
    33,
    32
  ]
}
