{
  "0:1:35ms_timestamp": [
    1764800395.3007398,
    1764800396.3015141,
    1764800397.303305,
    1764800398.3042305,
    1764800399.3053353,
    1764800400.3054156,
    1764800401.307061,
    1764800402.3078654,
    1764800403.3086994,
    1764800404.309611
  ],
  "0:1:35ms_num_tasks": [
    27,
    28,
    28,
    27,
    28,
    28,
    28,
    28,
    28,
    28
  ],
  "0:1:35ms_num_failures": [
    0,
    0,
    0,
    0,
    0,
    0,
    0,
    0,
    0,
    0
  ],
  "0:1:35ms_ave_time": [
    0.0362252292085301,
    0.03591280825535901,
    0.03547697412847937,
    0.03625127234220229,
    0.03601603497684531,
    0.03582663399200624,
    0.035753112460952315,
    0.035353280171485854,
    0.03571558308820899,
    0.03515098901698366
  ],
  "0:0:src_queue_timestamp": [
    1764800395.3007858,
    1764800396.301543,
    1764800397.3033347,
    1764800398.3042588,
    1764800399.3053665,
    1764800400.3054438,
    1764800401.3070898,
    1764800402.307895,
    1764800403.3087626,
    1764800404.3096392
  ],
  "0:0:src_queue_qps": [
    27.938879122121005,
    27.97838546757608,
    27.94996213257957,
    26.975040724869743,
    27.96908953811091,
    27.997757633064715,
    27.954000349617342,
    27.977506057158735,
    27.976567918471197,
    27.974597998813778
  ],
  "0:0:src_queue_occupancy_rate": [
    0.9992986962691144,
    1.0,
    1.0,
    1.0,
    1.0,
    1.0,
    1.0,
    1.0,
    1.0,
    1.0
  ],
  "0:0:src_queue_ave_put_time": [
    0.03257948697234193,
    0.035848541384828944,
    0.03541635058354584,
    0.03618491626413615,
    0.03595146757184654,
    0.03575558004169056,
    0.035699398822284234,
    0.035294656117912444,
    0.03565178897198556,
    0.03508623146418736
  ],
  "0:0:src_queue_ave_get_time": [
    2.4228614555405723e-05,
    1.8609820732048618e-06,
    1.831329427659527e-06,
    2.255568418789797e-06,
    1.7782357255262949e-06,
    1.8094267163957945e-06,
    2.111699099519423e-06,
    1.7937688556100641e-06,
    1.7518094474715769e-06,
    1.8584874591657017e-06
  ],
  "0:0:src_queue_num_items": [
    28,
    28,
    28,
    27,
    28,
    28,
    28,
    28,
    28,
    28
  ],
  "0:1:35ms_queue_timestamp": [
    1764800395.3006957,
    1764800396.3014755,
    1764800397.3032475,
    1764800398.304197,
    1764800399.3052585,
    1764800400.3053834,
    1764800401.307028,
    1764800402.3078322,
    1764800403.3086438,
    1764800404.3095794
  ],
  "0:1:35ms_queue_qps": [
    26.942056848490182,
    27.977906125513705,
    27.95127492098872,
    26.973623758921626,
    27.971027636439572,
    27.995794276152072,
    27.95400844594747,
    27.977613849606662,
    27.977932714697026,
    27.973085726725184
  ],
  "0:1:35ms_queue_occupancy_rate": [
    0.02013177347546824,
    0.0,
    0.004811212003779541,
    0.01861400204695418,
    0.0,
    0.0,
    0.0,
    0.007563142694185121,
    0.0,
    0.01336144823070018
  ],
  "0:1:35ms_queue_ave_put_time": [
    4.918607710688203e-06,
    5.246480993394342e-06,
    5.184539726802285e-06,
    5.14102133887786e-06,
    4.4745642558804695e-06,
    4.865154291370093e-06,
    5.592883098870508e-06,
    4.549319523253611e-06,
    4.438234360090331e-06,
    4.426343366503731e-06
  ],
  "0:1:35ms_queue_ave_get_time": [
    0.03638276785474132,
    0.03605727135436608,
    0.035616636583914195,
    0.03639547771739739,
    0.03614441300409722,
    0.03596440118937104,
    0.0359095209527628,
    0.03548348007357819,
    0.035840841517451115,
    0.03528168019173407
  ],
  "0:1:35ms_queue_num_items": [
    27,
    28,
    28,
    27,
    28,
    28,
    28,
    28,
    28,
    28
  ],
  "0:2:sink_queue_timestamp": [
    1764800395.3006296,
    1764800396.3014262,
    1764800397.3031592,
    1764800398.3041456,
    1764800399.3051746,
    1764800400.3053317,
    1764800401.3069766,
    1764800402.3077772,
    1764800403.308559,
    1764800404.3095257
  ],
  "0:2:sink_queue_qps": [
    26.94688343605126,
    27.97665303494682,
    27.953209654462228,
    26.971517239220198,
    27.972721061734024,
    27.99436210111608,
    27.953521264454587,
    27.977656983741436,
    27.979481079909803,
    27.971352831318384
  ],
  "0:2:sink_queue_occupancy_rate": [
    0.01985247311910565,
    0.0,
    0.004678083356408624,
    0.018641415434416553,
    0.0,
    0.0,
    0.0,
    0.007528646608812584,
    0.0,
    0.013398625179723456
  ],
  "0:2:sink_queue_ave_put_time": [
    2.116137356669815e-06,
    2.1225423552095894e-06,
    2.0558862680835363e-06,
    2.0585678241870992e-06,
    2.1340258951698126e-06,
    2.1602858656219074e-06,
    2.2787966632417288e-06,
    2.0254519768059254e-06,
    2.0618151341165737e-06,
    2.6660023390182426e-06
  ],
  "0:2:sink_queue_ave_get_time": [
    0.0071193078291360975,
    0.005668007876790527,
    0.005242404062300922,
    0.006027318071573979,
    0.005785999428813471,
    0.005596201467726908,
    0.005532785618145547,
    0.005129377948053705,
    0.005486054287757709,
    0.004948914574924856
  ],
  "0:2:sink_queue_num_items": [
    27,
    28,
    28,
    27,
    28,
    28,
    28,
    28,
    28,
    28
  ]
}
