{"baseline": {"step": [750, 1000, 1210, 1550, 2120, 2230, 2460, 2540, 4210, 4230, 4680, 4710, 5100, 5150, 5530, 5840, 6040, 6370, 6540, 6630, 8160, 8660, 9210, 9370, 9660, 10020, 10160, 10630, 10860, 12180, 13260, 13430, 13470, 14170, 14180, 14320, 14940, 16160, 16750, 17470, 17500, 18110, 18310, 18900, 19260, 19750, 20130, 20680, 21280, 21610, 21810, 22040, 23060, 23240, 23250, 23380, 23550, 23850, 24790, 25030, 25330, 25510, 25790, 25810, 25840, 26210, 26540, 26580, 26630, 26650, 26990, 27010, 27530, 27600, 27680, 27730, 28710, 29070, 29170, 29260, 29650, 29950, 30320, 30660, 30830, 31110, 31630, 32620, 32640, 32680, 34350, 34450, 35360, 36400, 37350, 37920, 38050, 39430, 39470, 40010, 40040, 40080, 40760, 40810, 40820, 41240, 41280, 41740, 41850, 41870, 42460, 43010, 43150, 43490, 43560, 44630, 45280, 45880, 46100, 46180, 46220, 46450, 47170, 47410, 47980, 48330, 48500, 49380, 50050, 50560, 51070, 51480, 51830, 52510, 52600, 52730, 52910, 52960, 53320, 53330, 53400, 53500, 53990, 54710, 54830, 55080, 55420, 55480, 55490, 55880, 56110, 56120, 56690, 56780, 56970, 58870, 59410, 59680, 59780, 59990, 60060, 60660, 61130, 61270, 61420, 62150, 64090, 64280, 64710, 64730, 64820, 65020, 65150, 65660, 65940, 66000, 66140, 66510, 66520, 66870, 67070, 67230, 68580, 68650, 68660, 69010, 69020, 69120, 70320, 71190, 71210, 71480, 72750, 73510, 73660, 74350, 75020, 75300, 75380, 75440, 75600, 75880, 76030, 76060, 76130, 76770, 76820, 77420, 77460, 77500, 77820, 77930, 78450, 78990, 79190, 79550, 79670, 79820, 80740, 80810, 81200, 81480, 81560, 81800, 82080, 83310, 83450, 83950, 84690, 84970, 85310, 85350, 85530, 85540, 86530, 86670, 86740, 86970, 87440, 88100, 88370, 89980, 90320, 90740, 91280, 91450, 91590, 92020, 92200, 92350, 92990, 93250, 93390, 93440, 93600, 93910, 95480, 95920, 96290, 96320, 96670, 97010, 97240, 97260, 97540, 97930, 98010, 98980, 99180, 99210], "value": [0.01459, 0.01560, 0.01519, 0.01514, 0.01499, 0.01667, 0.01723, 0.01413, 0.01538, 0.01752, 0.01698, 0.01803, 0.01574, 0.01630, 0.01629, 0.01605, 0.01607, 0.01471, 0.01619, 0.01645, 0.01616, 0.01709, 0.01530, 0.01785, 0.01569, 0.01731, 0.01587, 0.01638, 0.01617, 0.01590, 0.01591, 0.01539, 0.01691, 0.01488, 0.01684, 0.01736, 0.01676, 0.01524, 0.01686, 0.01720, 0.01544, 0.01558, 0.01608, 0.01710, 0.01784, 0.01788, 0.01560, 0.01831, 0.01755, 0.01593, 0.01625, 0.01627, 0.01776, 0.01616, 0.01680, 0.01748, 0.01608, 0.01772, 0.01810, 0.01709, 0.01707, 0.01535, 0.01770, 0.01773, 0.01761, 0.01677, 0.01608, 0.01630, 0.01540, 0.01772, 0.01736, 0.01754, 0.01889, 0.01546, 0.01664, 0.01759, 0.01636, 0.01566, 0.02913, 0.01668, 0.01733, 0.01646, 0.01676, 0.01699, 0.01723, 0.01637, 0.01780, 0.01629, 0.01556, 0.01677, 0.01690, 0.02023, 0.01760, 0.01898, 0.01784, 0.01675, 0.01793, 0.01649, 0.01689, 0.01567, 0.01775, 0.01739, 0.01656, 0.01553, 0.01795, 0.01721, 0.01658, 0.01824, 0.01692, 0.01837, 0.01775, 0.01857, 0.01774, 0.01653, 0.01613, 0.01663, 0.01880, 0.01623, 0.02209, 0.01712, 0.01694, 0.01620, 0.01663, 0.01697, 0.01601, 0.01780, 0.01707, 0.01845, 0.01930, 0.01733, 0.01747, 0.01843, 0.01699, 0.01873, 0.01753, 0.01699, 0.01698, 0.01751, 0.02060, 0.01673, 0.01817, 0.01731, 0.01806, 0.01798, 0.01904, 0.01799, 0.01779, 0.01901, 0.01848, 0.01828, 0.01794, 0.01731, 0.01740, 0.01828, 0.01662, 0.01790, 0.01679, 0.01756, 0.01661, 0.01729, 0.01830, 0.01746, 0.01717, 0.01665, 0.01622, 0.01744, 0.01666, 0.01635, 0.01553, 0.01699, 0.02035, 0.01819, 0.01904, 0.01665, 0.01805, 0.01737, 0.01806, 0.01768, 0.01817, 0.01865, 0.01675, 0.01936, 0.01726, 0.01884, 0.01678, 0.01878, 0.01548, 0.01621, 0.01754, 0.01807, 0.01631, 0.01761, 0.01704, 0.01774, 0.01816, 0.01892, 0.01638, 0.01747, 0.01729, 0.01943, 0.01667, 0.01792, 0.01649, 0.01695, 0.01825, 0.01766, 0.01752, 0.01955, 0.01698, 0.01668, 0.01731, 0.01744, 0.01629, 0.01728, 0.01677, 0.01604, 0.01586, 0.01711, 0.01665, 0.01853, 0.01765, 0.01770, 0.01883, 0.01765, 0.01704, 0.01693, 0.01957, 0.01767, 0.01622, 0.01624, 0.01737, 0.01636, 0.01700, 0.01759, 0.01587, 0.01642, 0.01772, 0.01610, 0.01762, 0.01800, 0.01605, 0.01701, 0.01767, 0.01770, 0.01665, 0.01861, 0.01804, 0.01859, 0.01853, 0.01906, 0.01697, 0.01649, 0.01844, 0.01691, 0.01788, 0.01907, 0.01861, 0.01666, 0.01658, 0.01721, 0.01729, 0.01778, 0.01808, 0.01832, 0.01716, 0.01768, 0.01825, 0.01660, 0.01731, 0.01774]}, "headspace": {"step": [600, 800, 967, 1237, 1695, 1779, 1962, 2032, 3368, 3377, 3739, 3767, 4078, 4117, 4419, 4665, 4828, 5051, 5089, 5225, 5301, 6521, 6523, 6625, 6923, 7362, 7493, 7723, 8014, 8126, 8499, 8682, 8901, 9739, 10606, 10739, 10774, 11335, 11344, 11454, 11528, 11945, 12879, 12924, 13258, 13394, 13640, 13976, 13997, 14481, 14647, 15115, 15403, 15800, 16097, 16539, 17022, 17288, 17448, 17626, 18445, 18587, 18596, 18699, 18840, 19080, 19831, 20020, 20074, 20260, 20401, 20632, 20646, 20666, 20962, 21226, 21259, 21303, 21320, 21590, 21603, 21989, 22023, 22074, 22144, 22177, 22968, 23254, 23333, 23405, 23574, 23716, 23959, 24252, 24527, 24659, 24888, 25301, 26095, 26107, 26140, 27476, 27554, 28281, 29113, 29880, 30334, 30436, 30505, 31028, 31542, 31574, 32004, 32027, 32064, 32151, 32607, 32642, 32653, 32719, 32990, 33022, 33392, 33480, 33495, 33968, 34405, 34517, 34789, 34792, 34843, 34889, 35701, 36221, 36703, 36873, 36940, 36972, 37153, 37734, 37926, 38384, 38663, 38796, 39500, 40034, 40086, 40446, 40854, 41177, 41300, 41458, 42004, 42074, 42177, 42323, 42368, 42649, 42663, 42718, 42793, 43188, 43761, 43864, 44057, 44332, 44378, 44385, 44392, 44701, 44888, 44890, 45351, 45419, 45573, 47094, 47526, 47740, 47824, 47990, 48042, 48525, 48902, 49009, 49130, 49719, 51268, 51421, 51764, 51781, 51853, 52016, 52115, 52524, 52748, 52797, 52912, 53206, 53216, 53495, 53656, 53782, 54857, 54918, 54927, 55204, 55211, 55292, 56249, 56631, 56946, 56965, 57178, 58195, 58804, 58926, 59478, 60009, 60239, 60300, 60351, 60477, 60702, 60822, 60842, 60898, 61413, 61454, 61931, 61963, 61995, 62249, 62340, 62344, 62755, 63187, 63351, 63638, 63729, 63856, 64276, 64587, 64644, 64957, 65182, 65183, 65245, 65437, 65660, 66642, 66753, 67154, 67751, 67970, 68065, 68241, 68276, 68417, 68431, 69217, 69274, 69329, 69387, 69490, 69575, 69951, 70476, 70694, 71084, 71225, 71979, 72061, 72254, 72592, 73020, 73156, 73268, 73614, 73757, 73875, 74390, 74478, 74598, 74709, 74747, 74875, 75126, 76384, 76732, 76734, 77032, 77051, 77333, 77605, 77787, 77806, 78025, 78338, 78408, 79180, 79281, 79343, 79361, 79364, 80433, 80634, 80677, 80972, 81393, 81613, 81740, 81872, 81905, 82001, 82350, 82674, 82947, 83928, 84248, 84911, 85109, 85385, 85479, 85750, 85876, 85911, 86862, 87324, 87337, 88215, 88828, 89382, 89854, 90480, 90898, 91613, 91656, 92676, 92766, 93275, 93475, 94156, 94539, 94576, 95405, 95537, 96401, 96440, 96493, 96979, 97193, 97234, 97901, 97914, 97950, 98038, 98454, 98567, 98840, 99158, 99296, 99684, 99814, 99856, 99866],