{
  "0:1:10ms_timestamp": [
    1764800727.5494242,
    1764800728.5497053,
    1764800729.550641,
    1764800730.551476,
    1764800731.5519967,
    1764800732.55259,
    1764800733.553559,
    1764800734.5547512,
    1764800735.5560784,
    1764800736.5567145
  ],
  "0:1:10ms_num_tasks": [
    30,
    25,
    24,
    25,
    24,
    25,
    24,
    25,
    25,
    24
  ],
  "0:1:10ms_num_failures": [
    0,
    0,
    0,
    0,
    0,
    0,
    0,
    0,
    0,
    0
  ],
  "0:1:10ms_ave_time": [
    0.010724767615708215,
    0.010896399794146423,
    0.01069997623562812,
    0.010821041464805593,
    0.010667936362248553,
    0.01044991641305388,
    0.010741189083394914,
    0.010917819291353182,
    0.010593672869726962,
    0.010808526286079256
  ],
  "0:2:25ms_timestamp": [
    1764800727.549376,
    1764800728.5496612,
    1764800729.5505984,
    1764800730.5514297,
    1764800731.5519516,
    1764800732.552548,
    1764800733.5535104,
    1764800734.5546987,
    1764800735.556032,
    1764800736.5566695
  ],
  "0:2:25ms_num_tasks": [
    27,
    25,
    24,
    24,
    25,
    24,
    25,
    25,
    24,
    25
  ],
  "0:2:25ms_num_failures": [
    0,
    0,
    0,
    0,
    0,
    0,
    0,
    0,
    0,
    0
  ],
  "0:2:25ms_ave_time": [
    0.025900855367244388,
    0.026149306837469362,
    0.025429760979022848,
    0.025614727676535665,
    0.02612633738666771,
    0.026058794358201964,
    0.026172191053628904,
    0.025909639205783642,
    0.025500824228705143,
    0.025832219701260258
  ],
  "0:3:40ms_timestamp": [
    1764800727.5493133,
    1764800728.5496118,
    1764800729.5505474,
    1764800730.5513773,
    1764800731.5519001,
    1764800732.5524943,
    1764800733.5534563,
    1764800734.5546494,
    1764800735.555978,
    1764800736.5566168
  ],
  "0:3:40ms_num_tasks": [
    24,
    24,
    25,
    24,
    24,
    25,
    25,
    24,
    25,
    25
  ],
  "0:3:40ms_num_failures": [
    0,
    0,
    0,
    0,
    0,
    0,
    0,
    0,
    0,
    0
  ],
  "0:3:40ms_ave_time": [
    0.04002732172375546,
    0.04006966066663154,
    0.041071796705946274,
    0.04095764633772584,
    0.04106137417450854,
    0.040449055107310415,
    0.04045608742162592,
    0.04031249548036923,
    0.04044442987069502,
    0.04036304337903857
  ],
  "0:0:src_queue_timestamp": [
    1764800727.5494497,
    1764800728.5497353,
    1764800729.550664,
    1764800730.551499,
    1764800731.55202,
    1764800732.5526116,
    1764800733.5535836,
    1764800734.5547745,
    1764800735.5561025,
    1764800736.5567374
  ],
  "0:0:src_queue_qps": [
    29.931630047277437,
    24.99298594294851,
    24.976608910712656,
    23.979984193068738,
    23.98750941605634,
    24.98518498138433,
    24.975777968813986,
    23.971433340709055,
    24.966858716136013,
    24.984115420557284
  ],
  "0:0:src_queue_occupancy_rate": [
    0.9989492500825382,
    1.0,
    1.0,
    1.0,
    1.0,
    1.0,
    1.0,
    1.0,
    1.0,
    1.0
  ],
  "0:0:src_queue_ave_put_time": [
    0.029843703137885317,
    0.04006414556875825,
    0.04099166118539866,
    0.04090723176098741,
    0.04101824382087214,
    0.04040673107840121,
    0.04043469437398013,
    0.0402437866820643,
    0.04038875454105448,
    0.04031226606108227
  ],
  "0:0:src_queue_ave_get_time": [
    3.4157334206004944e-05,
    2.1772086620330813e-06,
    1.8471293151378718e-06,
    1.8715606226275274e-06,
    1.8203087771932374e-06,
    1.8451549112796697e-06,
    2.0176079124212005e-06,
    2.1607459833224705e-06,
    1.984573900699633e-06,
    2.0546093583107083e-06
  ],
  "0:0:src_queue_num_items": [
    30,
    25,
    25,
    24,
    24,
    25,
    25,
    24,
    25,
    25
  ],
  "0:1:10ms_queue_timestamp": [
    1764800727.5494027,
    1764800728.549685,
    1764800729.550622,
    1764800730.5514545,
    1764800731.5519762,
    1764800732.5525706,
    1764800733.5535367,
    1764800734.5547252,
    1764800735.5560565,
    1764800736.5566936
  ],
  "0:1:10ms_queue_qps": [
    26.938729447448434,
    24.99288712727784,
    24.976582156249155,
    23.980068436086402,
    23.98747748078702,
    24.98510495372899,
    24.975943871587415,
    23.97152784239545,
    24.96671814052965,
    24.984069157831694
  ],
  "0:1:10ms_queue_occupancy_rate": [
    0.9783662565675986,
    1.0,
    1.0,
    1.0,
    1.0,
    1.0,
    1.0,
    1.0,
    1.0,
    1.0
  ],
  "0:1:10ms_queue_ave_put_time": [
    0.022301078292316402,
    0.029245129423215995,
    0.03037186047993601,
    0.030203637114027498,
    0.030384470107189105,
    0.030025031641125677,
    0.02977236802689731,
    0.029388120921794363,
    0.02987702950835228,
    0.029605915220454335
  ],
  "0:1:10ms_queue_ave_get_time": [
    0.0004252868238836527,
    2.3239012807609734e-06,
    1.9869487732648157e-06,
    2.2139186815670585e-06,
    1.9149156287311783e-06,
    2.09558755159385e-06,
    2.2058561444284615e-06,
    2.8639139297107854e-06,
    2.4391617625951074e-06,
    2.3458898067474366e-06
  ],
  "0:1:10ms_queue_num_items": [
    27,
    25,
    25,
    24,
    24,
    25,
    25,
    24,
    25,
    25
  ],
  "0:2:25ms_queue_timestamp": [
    1764800727.5493495,
    1764800728.5496397,
    1764800729.550575,
    1764800730.5514054,
    1764800731.5519302,
    1764800732.5525205,
    1764800733.5534859,
    1764800734.5546775,
    1764800735.5560093,
    1764800736.5566483
  ],
  "0:2:25ms_queue_qps": [
    23.946074017531327,
    24.992596589531573,
    24.97663136591465,
    23.980095821749522,
    23.987453198651735,
    24.985165731677725,
    24.97596038820435,
    23.971408148932955,
    24.966799797841766,
    24.984074930489655
  ],
  "0:2:25ms_queue_occupancy_rate": [
    0.9211707683693376,
    1.0,
    1.0,
    1.0,
    1.0,
    1.0,
    1.0,
    1.0,
    1.0,
    1.0
  ],
  "0:2:25ms_queue_ave_put_time": [
    0.010584729508711742,
    0.013911897139623762,
    0.015655349614098677,
    0.015386061063812415,
    0.014934793871361762,
    0.014440725920721906,
    0.014316266793757677,
    0.014490517525700871,
    0.014892245102673769,
    0.014557476397603733
  ],
  "0:2:25ms_queue_ave_get_time": [
    0.0015947630842371534,
    2.211974933743477e-06,
    1.823566853999814e-06,
    1.972094954302492e-06,
    1.809404542048483e-06,
    1.8741097301239185e-06,
    1.8876511603591051e-06,
    1.995096681638974e-06,
    2.0840484648940174e-06,
    1.9111111760139465e-06
  ],
  "0:2:25ms_queue_num_items": [
    24,
    25,
    25,
    24,
    24,
    25,
    25,
    24,
    25,
    25
  ],
  "0:3:40ms_queue_timestamp": [
    1764800727.549258,
    1764800728.549578,
    1764800729.550515,
    1764800730.5513446,
    1764800731.5518668,
    1764800732.552463,
    1764800733.553422,
    1764800734.5546167,
    1764800735.5559442,
    1764800736.556584
  ],
  "0:3:40ms_queue_qps": [
    23.946821104104036,
    23.992074315706038,
    24.976731325460257,
    23.980133734455443,
    23.987293066178246,
    24.985116191871516,
    24.9762302692178,
    23.971263822650364,
    24.966937384596473,
    24.98390012419509
  ],
  "0:3:40ms_queue_occupancy_rate": [
    0.0008049310822013656,
    0.035265289183257775,
    0.0,
    0.014757245191956314,
    0.012446506815063985,
    0.0,
    0.0,
    0.030767300230970518,
    0.0,
    0.0
  ],
  "0:3:40ms_queue_ave_put_time": [
    4.867295501753688e-06,
    5.849462468177083e-06,
    4.938216879963875e-06,
    5.587916045139235e-06,
    5.076028173789378e-06,
    5.339123308658613e-06,
    6.093829870223999e-06,
    5.320209311321382e-06,
    5.113659426569939e-06,
    5.7522207498550505e-06
  ],
  "0:3:40ms_queue_ave_get_time": [
    0.041743428679183125,
    0.04022560602364439,
    0.04119694946333768,
    0.041094460233580356,
    0.04118254900095042,
    0.0405783613212407,
    0.04059097963385273,
    0.04044533604367954,
    0.04057187139987938,
    0.04050153491087258
  ],
  "0:3:40ms_queue_num_items": [
    24,
    24,
    25,
    24,
    24,
    25,
    25,
    24,
    25,
    25
  ],