{
  "0:1:25ms_timestamp": [
    1764800322.7629397,
    1764800323.7632377,
    1764800324.7635465,
    1764800325.7637792,
    1764800326.7639754,
    1764800327.7644477,
    1764800328.765112,
    1764800329.7671316,
    1764800330.7679284,
    1764800331.7683802
  ],
  "0:1:25ms_num_tasks": [
    38,
    34,
    33,
    33,
    32,
    33,
    33,
    33,
    33,
    33
  ],
  "0:1:25ms_num_failures": [
    0,
    0,
    0,
    0,
    0,
    0,
    0,
    0,
    0,
    0
  ],
  "0:1:25ms_ave_time": [
    0.026006168122158235,
    0.02559437152162631,
    0.0254940554838289,
    0.026160208903478865,
    0.026158690176089294,
    0.025736796105224103,
    0.025999234347237332,
    0.02530359234096426,
    0.025733972836116524,
    0.025952716421505158
  ],
  "0:0:src_queue_timestamp": [
    1764800322.762977,
    1764800323.7632785,
    1764800324.763589,
    1764800325.7638159,
    1764800326.7640061,
    1764800327.764496,
    1764800328.7651408,
    1764800329.7671597,
    1764800330.7679603,
    1764800331.7684078
  ],
  "0:0:src_queue_qps": [
    38.947131328622824,
    33.989934289038175,
    31.990085344236647,
    32.99239759496093,
    32.99353235036313,
    32.984297527043836,
    32.978202792992505,
    32.93348877556499,
    32.97372086524582,
    32.98510551019302
  ],
  "0:0:src_queue_occupancy_rate": [
    0.9991865392382285,
    1.0,
    1.0,
    1.0,
    1.0,
    1.0,
    1.0,
    1.0,
    1.0,
    1.0
  ],
  "0:0:src_queue_ave_put_time": [
    0.02406799782453695,
    0.02937403964289628,
    0.03019028675771547,
    0.03021719532482552,
    0.0301949052055451,
    0.030173091380151385,
    0.030187172356597854,
    0.030195097918763306,
    0.030190430983731746,
    0.03015122779955472
  ],
  "0:0:src_queue_ave_get_time": [
    2.1001437487892617e-05,
    2.001391668968341e-06,
    1.9287108443677324e-06,
    1.8050513145598565e-06,
    2.085266521934307e-06,
    1.954655586318536e-06,
    1.932310900001815e-06,
    1.9055565424037702e-06,
    1.9832796445398556e-06,
    1.8637599141308493e-06
  ],
  "0:0:src_queue_num_items": [
    39,
    34,
    32,
    33,
    33,
    33,
    33,
    33,
    33,
    33
  ],
  "0:1:25ms_queue_timestamp": [
    1764800322.762895,
    1764800323.7631972,
    1764800324.7634983,
    1764800325.7637458,
    1764800326.7639427,
    1764800327.7643917,
    1764800328.7650783,
    1764800329.7670994,
    1764800330.7678947,
    1764800331.7683475
  ],
  "0:1:25ms_queue_qps": [
    36.951190400888294,
    32.989753381387196,
    32.99041133882305,
    31.99172911045333,
    32.99339594702658,
    32.986260561047104,
    32.9764195536994,
    32.93336039821612,
    32.973903363602794,
    32.984980322680926
  ],
  "0:1:25ms_queue_occupancy_rate": [
    0.11283055554499377,
    1.0,
    1.0,
    1.0,
    1.0,
    1.0,
    1.0,
    1.0,
    1.0,
    1.0
  ],
  "0:1:25ms_queue_ave_put_time": [
    4.8220267911490634e-06,
    0.003852737992180183,
    0.0047369063322548755,
    0.004230569554210614,
    0.004086913802011903,
    0.004519004163078286,
    0.004279622208383502,
    0.004975356486146194,
    0.004537528959300482,
    0.00429026050154459
  ],
  "0:1:25ms_queue_ave_get_time": [
    0.018798888598040145,
    1.7466531558369363e-06,
    2.0022024259355478e-06,
    1.767701178320008e-06,
    1.8883482411854413e-06,
    1.8420502204853935e-06,
    1.7492777921903087e-06,
    1.901111593748832e-06,
    1.8496701324494271e-06,
    1.8034991102822813e-06
  ],
  "0:1:25ms_queue_num_items": [
    37,
    33,
    33,
    32,
    33,
    33,
    33,
    33,
    33,
    33
  ],
  "0:2:sink_queue_timestamp": [
    1764800322.7628288,
    1764800323.7631466,
    1764800324.7634366,
    1764800325.7636955,
    1764800326.7638955,
    1764800327.7643027,
    1764800328.7650278,
    1764800329.7670505,
    1764800330.7678416,
    1764800331.7682974
  ],
  "0:2:sink_queue_qps": [
    32.96223259935207,
    32.987800150711415,
    32.990530600977266,
    31.99188928296355,
    32.99345736679028,
    32.98900855471544,
    32.97320646702468,
    32.93395852152961,
    32.97334959203689,
    32.98566392961435
  ],
  "0:2:sink_queue_occupancy_rate": [
    0.8733050522503389,
    1.0,
    1.0,
    1.0,
    1.0,
    1.0,
    1.0,
    1.0,
    1.0,
    1.0
  ],
  "0:2:sink_queue_ave_put_time": [
    0.008365091279200796,
    0.030359291161100078,
    0.03037749482036542,
    0.030393672343052458,
    0.030394668331031095,
    0.030361278497642242,
    0.03038525888272987,
    0.03038165963847529,
    0.030383390818976598,
    0.03033929735168132
  ],
  "0:2:sink_queue_ave_get_time": [
    0.0008429500740021467,
    5.193795500831065e-06,
    5.026002216970967e-06,
    4.305096808821288e-06,
    5.337713060505463e-06,
    5.365857346491486e-06,
    5.146671989650122e-06,
    5.3888864137905426e-06,
    5.28976405886076e-06,
    5.043859621792023e-06
  ],
  "0:2:sink_queue_num_items": [
    33,
    33,
    33,
    32,
    33,
    33,
    33,
    33,
    33,
    33
  ]
}
