{
  "0:1:10ms_timestamp": [
    1764953917.439589,
    1764953918.4402752,
    1764953919.4407694,
    1764953920.4409466,
    1764953921.4413075,
    1764953922.4423308,
    1764953923.442813,
    1764953924.4432988,
    1764953925.4446673,
    1764953926.4460227
  ],
  "0:1:10ms_num_tasks": [
    41,
    38,
    32,
    33,
    33,
    33,
    33,
    33,
    33,
    33
  ],
  "0:1:10ms_num_failures": [
    0,
    0,
    0,
    0,
    0,
    0,
    0,
    0,
    0,
    0
  ],
  "0:1:10ms_ave_time": [
    0.010628715895752356,
    0.010710628562312766,
    0.01047476581152296,
    0.010599511873089912,
    0.010501995492218544,
    0.01066237872212446,
    0.010684353913265195,
    0.010602538727901253,
    0.010670718363006445,
    0.010525150958335774
  ],
  "0:2:25ms_timestamp": [
    1764953917.4395418,
    1764953918.4402196,
    1764953919.4407218,
    1764953920.4409015,
    1764953921.4412487,
    1764953922.4422863,
    1764953923.4427643,
    1764953924.4432397,
    1764953925.4446204,
    1764953926.4459789
  ],
  "0:2:25ms_num_tasks": [
    38,
    37,
    33,
    33,
    33,
    33,
    33,
    32,
    33,
    33
  ],
  "0:2:25ms_num_failures": [
    0,
    0,
    0,
    0,
    0,
    0,
    0,
    0,
    0,
    0
  ],
  "0:2:25ms_ave_time": [
    0.025931790587492294,
    0.025686231083110786,
    0.02572250208873865,
    0.026038238644656344,
    0.025655295368227558,
    0.02569240390915765,
    0.026375139463749375,
    0.02594364850665437,
    0.025689132666836208,
    0.025544057430868773
  ],
  "0:3:40ms_c3[3]_timestamp": [
    1764953917.4394794,
    1764953918.4401684,
    1764953919.4406626,
    1764953920.440851,
    1764953921.4411964,
    1764953922.4422157,
    1764953923.4426994,
    1764953924.4431846,
    1764953925.4445684,
    1764953926.4459276
  ],
  "0:3:40ms_c3[3]_num_tasks": [
    36,
    36,
    33,
    32,
    33,
    33,
    33,
    33,
    33,
    33
  ],
  "0:3:40ms_c3[3]_num_failures": [
    0,
    0,
    0,
    0,
    0,
    0,
    0,
    0,
    0,
    0
  ],
  "0:3:40ms_c3[3]_ave_time": [
    0.040860349247749485,
    0.04075672848719278,
    0.039929659317501594,
    0.04090389639168274,
    0.04025064310708063,
    0.04053397173287739,
    0.0410034643542586,
    0.04141162426888255,
    0.04114408920180391,
    0.040899556419445204
  ],
  "0:0:src_queue_timestamp": [
    1764953917.439614,
    1764953918.4403,
    1764953919.4407926,
    1764953920.4409716,
    1764953921.4413323,
    1764953922.4423537,
    1764953923.44284,
    1764953924.4433236,
    1764953925.4446967,
    1764953926.4460464
  ],
  "0:0:src_queue_qps": [
    40.90413372323127,
    37.97395044084948,
    32.98370248643326,
    32.99414020376276,
    32.988096713426444,
    31.967283272086526,
    32.98410531859619,
    32.98397589387439,
    32.95489121626506,
    32.95534672279123
  ],
  "0:0:src_queue_occupancy_rate": [
    0.9983664925550996,
    1.0,
    1.0,
    1.0,
    1.0,
    1.0,
    1.0,
    1.0,
    1.0,
    1.0
  ],
  "0:0:src_queue_ave_put_time": [
    0.022527178819832756,
    0.02652699508900313,
    0.030294151405211207,
    0.030258331215009107,
    0.03028123693145587,
    0.030270222043327494,
    0.030246893741246825,
    0.030256120615046105,
    0.030259656522310167,
    0.0302488794056417
  ],
  "0:0:src_queue_ave_get_time": [
    4.012505637436378e-05,
    1.9776083430961787e-06,
    2.0646010384414806e-06,
    1.7091815331668565e-06,
    2.0220000861269185e-06,
    1.605985744390657e-06,
    1.5905507924881585e-06,
    1.6387326247764356e-06,
    1.6522226911602598e-06,
    1.6992756476004786e-06
  ],
  "0:0:src_queue_num_items": [
    41,
    38,
    33,
    33,
    33,
    32,
    33,
    33,
    33,
    33
  ],
  "0:1:10ms_queue_timestamp": [
    1764953917.4395678,
    1764953918.4402437,
    1764953919.4407492,
    1764953920.4409258,
    1764953921.4412844,
    1764953922.4423115,
    1764953923.4427907,
    1764953924.443277,
    1764953925.444646,
    1764953926.4460032
  ],
  "0:1:10ms_queue_qps": [
    37.911607870338756,
    37.9742662043707,
    32.98344135696836,
    32.99405994850337,
    32.988545153159144,
    31.96681793726331,
    32.9842446771735,
    32.98431631814966,
    32.95451219900988,
    32.95522015192187
  ],
  "0:1:10ms_queue_occupancy_rate": [
    0.9777298904084633,
    1.0,
    1.0,
    1.0,
    1.0,
    1.0,
    1.0,
    1.0,
    1.0,
    1.0
  ],
  "0:1:10ms_queue_ave_put_time": [
    0.013626102241687477,
    0.015886670676991337,
    0.019841748776591638,
    0.019716455855152817,
    0.01984347908221412,
    0.019668441607791465,
    0.019672750043823864,
    0.01969021733031803,
    0.01968774006871332,
    0.019734198135803623
  ],
  "0:1:10ms_queue_ave_get_time": [
    0.0003177069531949727,
    2.389596039919477e-06,
    2.1913385188037172e-06,
    1.7901854307363053e-06,
    1.8334072647671135e-06,
    1.71885767485941e-06,
    1.7208724536677957e-06,
    1.7227985980836354e-06,
    1.727942038666276e-06,
    1.8339011479507267e-06
  ],
  "0:1:10ms_queue_num_items": [
    38,
    38,
    33,
    33,
    33,
    32,
    33,
    33,
    33,
    33
  ],
  "0:2:25ms_queue_timestamp": [
    1764953917.4395144,
    1764953918.4401975,
    1764953919.4406905,
    1764953920.4408793,
    1764953921.4412262,
    1764953922.4422445,
    1764953923.4427397,
    1764953924.4432158,
    1764953925.4445975,
    1764953926.445957
  ],
  "0:2:25ms_queue_qps": [
    36.914905818542536,
    35.975293320593906,
    32.983715082465245,
    32.993766919121136,
    32.98860263902996,
    31.967423020165942,
    32.98382236021223,
    32.984206035850434,
    32.954409027218354,
    32.95519971585196
  ],
  "0:2:25ms_queue_occupancy_rate": [
    0.0009028995005273543,
    0.49691761981937344,
    1.0,
    1.0,
    1.0,
    1.0,
    1.0,
    1.0,
    1.0,
    1.0
  ],
  "0:2:25ms_queue_ave_put_time": [
    3.426783031931049e-06,
    0.0008700183605322161,
    0.004616856807842851,
    0.004278254786957846,
    0.004691161800909673,
    0.004649612361390611,
    0.003958089834530704,
    0.004406653619794686,
    0.004647749821853002,
    0.004777273678249037
  ],
  "0:2:25ms_queue_ave_get_time": [
    0.026290603718292477,
    0.009935765785889493,
    2.2602987221561586e-06,
    1.771685977763388e-06,
    1.7882804527359926e-06,
    1.725078618619591e-06,
    1.6664676932674465e-06,
    1.6558068719777195e-06,
    1.7283583116418038e-06,
    1.8074713421523114e-06
  ],
  "0:2:25ms_queue_num_items": [
    37,
    36,
    33,
    33,
    33,
    32,
    33,
    33,
    33,
    33
  ],
  "0:3:40ms_c3[3]_queue_timestamp": [
    1764953917.4394314,
    1764953918.4401326,
    1764953919.4406304,
    1764953920.4408178,
    1764953921.4411612,
    1764953922.4421842,
    1764953923.4426658,
    1764953924.4431472,
    1764953925.444535,
    1764953926.4458947
  ],
  "0:3:40ms_c3[3]_queue_qps": [
    34.921115850892164,
    32.9765007436029,
    32.98369193985447,
    32.99384153543492,
    32.988582192249424,
    31.967228570284643,
    32.98409378155497,
    32.98432756365419,
    32.95416349397839,
    32.95513475276545
  ],
  "0:3:40ms_c3[3]_queue_occupancy_rate": [
    0.0868924151532634,
    1.0,
    1.0,
    1.0,
    1.0,
    1.0,
    1.0,
    1.0,
    1.0,
    1.0
  ],
  "0:3:40ms_c3[3]_queue_ave_put_time": [
    2.9543945048418305e-06,
    0.03209009003031122,
    0.05113598177294164,
    0.05023464461026545,
    0.05106897304314327,
    0.05073011665808738,
    0.05003226937189916,
    0.04987751464641687,
    0.05008211212627805,
    0.05017412036911325
  ],
  "0:3:40ms_c3[3]_queue_ave_get_time": [
    0.020343320796798382,
    1.8389528673639346e-06,
    1.830048859126144e-06,
    1.8523864899620865e-06,
    1.8812645452424879e-06,
    1.6756166587618415e-06,
    1.6728105644351376e-06,
    1.6517781962951024e-06,
    1.6805292530493303e-06,
    1.741241607247225e-06
  ],