{
  "0:1:10ms_timestamp": [
    1764800771.7523456,
    1764800772.7533135,
    1764800773.7542412,
    1764800774.7544563,
    1764800775.7552395,
    1764800776.756194,
    1764800777.75687,
    1764800778.7575006,
    1764800779.7585373,
    1764800780.7594936
  ],
  "0:1:10ms_num_tasks": [
    41,
    37,
    33,
    33,
    32,
    33,
    33,
    33,
    33,
    32
  ],
  "0:1:10ms_num_failures": [
    0,
    0,
    0,
    0,
    0,
    0,
    0,
    0,
    0,
    0
  ],
  "0:1:10ms_ave_time": [
    0.010601182337623184,
    0.01072702707873808,
    0.010610675820234134,
    0.010535986212110436,
    0.010832602012669681,
    0.010558030800893896,
    0.010501946689504592,
    0.010799647428829136,
    0.010611665921963087,
    0.010610151563014342
  ],
  "0:2:25ms_timestamp": [
    1764800771.7522984,
    1764800772.7532556,
    1764800773.754196,
    1764800774.754408,
    1764800775.7551954,
    1764800776.7561502,
    1764800777.7568214,
    1764800778.7573397,
    1764800779.7584918,
    1764800780.7594502
  ],
  "0:2:25ms_num_tasks": [
    38,
    36,
    33,
    33,
    33,
    33,
    32,
    33,
    33,
    33
  ],
  "0:2:25ms_num_failures": [
    0,
    0,
    0,
    0,
    0,
    0,
    0,
    0,
    0,
    0
  ],
  "0:2:25ms_ave_time": [
    0.025852363617894687,
    0.02636459440044646,
    0.025768911522446238,
    0.025767251679843135,
    0.026296826298207482,
    0.0260157494128428,
    0.026096500201674616,
    0.02546810188725814,
    0.02581443147254041,
    0.025482154345478552
  ],
  "0:3:40ms_c2[2]_timestamp": [
    1764800771.7522237,
    1764800772.7530873,
    1764800773.7541459,
    1764800774.7543507,
    1764800775.7551465,
    1764800776.756102,
    1764800777.756762,
    1764800778.7572916,
    1764800779.7584414,
    1764800780.7594023
  ],
  "0:3:40ms_c2[2]_num_tasks": [
    36,
    35,
    33,
    32,
    33,
    33,
    33,
    33,
    32,
    33
  ],
  "0:3:40ms_c2[2]_num_failures": [
    0,
    0,
    0,
    0,
    0,
    0,
    0,
    0,
    0,
    0
  ],
  "0:3:40ms_c2[2]_ave_time": [
    0.03987131703696731,
    0.04079529111539679,
    0.041046611287377126,
    0.0404101451786118,
    0.0406603006377928,
    0.040417608304062096,
    0.04153796989527153,
    0.04086180581626588,
    0.041570054505427834,
    0.04165555228422757
  ],
  "0:0:src_queue_timestamp": [
    1764800771.75237,
    1764800772.7533402,
    1764800773.754275,
    1764800774.7544801,
    1764800775.755262,
    1764800776.7562196,
    1764800777.7568948,
    1764800778.7575321,
    1764800779.7585616,
    1764800780.759517
  ],
  "0:0:src_queue_qps": [
    41.91563765188508,
    35.965215493387674,
    32.96939513335824,
    32.99290622533203,
    32.97419330924088,
    31.969474844051817,
    32.97769115532831,
    32.97917876136387,
    32.96585811754771,
    31.969429073241574
  ],
  "0:0:src_queue_occupancy_rate": [
    0.9991038508314772,
    1.0,
    1.0,
    1.0,
    1.0,
    1.0,
    1.0,
    1.0,
    1.0,
    1.0
  ],
  "0:0:src_queue_ave_put_time": [
    0.022530755673704505,
    0.027207366417213868,
    0.030337207738987453,
    0.030252654190090583,
    0.0303409468368486,
    0.030362106197571848,
    0.030297291302827697,
    0.03030849871169211,
    0.03032791644165459,
    0.030278549755166695
  ],
  "0:0:src_queue_ave_get_time": [
    2.1317386112752417e-05,
    1.883024298068553e-06,
    1.858129645838869e-06,
    1.695289304762169e-06,
    2.087432552467693e-06,
    2.041721018031253e-06,
    1.7171259969472754e-06,
    1.7490661279721628e-06,
    2.269089842836082e-06,
    1.6721241991035708e-06
  ],
  "0:0:src_queue_num_items": [
    42,
    36,
    33,
    33,
    33,
    32,
    33,
    33,
    33,
    32
  ],
  "0:1:10ms_queue_timestamp": [
    1764800771.752324,
    1764800772.753292,
    1764800773.7542205,
    1764800774.7544346,
    1764800775.7552195,
    1764800776.7561743,
    1764800777.7568488,
    1764800778.757364,
    1764800779.7585163,
    1764800780.759474
  ],
  "0:1:10ms_queue_qps": [
    38.92253535436058,
    35.96557354111135,
    32.96900916407286,
    32.99300370155456,
    32.974045136839614,
    31.9694613990951,
    32.977863776306506,
    32.98291471240478,
    32.96203173271504,
    31.969353921647958
  ],
  "0:1:10ms_queue_occupancy_rate": [
    0.9785319940583308,
    1.0,
    1.0,
    1.0,
    1.0,
    1.0,
    1.0,
    1.0,
    1.0,
    1.0
  ],
  "0:1:10ms_queue_ave_put_time": [
    0.01363954468766545,
    0.01654757202292482,
    0.01973176934530564,
    0.019811903182981594,
    0.019588379930196863,
    0.019870618503773585,
    0.019881554787527008,
    0.0196099237284876,
    0.019809448407172733,
    0.019721024837053958
  ],
  "0:1:10ms_queue_ave_get_time": [
    0.0002907134938794067,
    2.3230289419492566e-06,
    1.8976261895713333e-06,
    1.7844775522297606e-06,
    2.3022082380274703e-06,
    2.475950168445598e-06,
    1.852174825740583e-06,
    1.8858788252779407e-06,
    1.9688300336851168e-06,
    1.835534931160347e-06
  ],
  "0:1:10ms_queue_num_items": [
    39,
    36,
    33,
    33,
    33,
    32,
    33,
    33,
    33,
    32
  ],
  "0:2:25ms_queue_timestamp": [
    1764800771.7522604,
    1764800772.7532165,
    1764800773.754174,
    1764800774.7543848,
    1764800775.7551737,
    1764800776.7561293,
    1764800777.7567966,
    1764800778.757319,
    1764800779.7584698,
    1764800780.759429
  ],
  "0:2:25ms_queue_qps": [
    37.92626459012241,
    33.970745721266624,
    32.965107484342745,
    32.99324420732024,
    32.97375777132899,
    31.969440949099653,
    32.97823241949327,
    32.982545603791856,
    32.96208151411266,
    31.969292854731556
  ],
  "0:2:25ms_queue_occupancy_rate": [
    0.004597361711223824,
    0.5204397906095124,
    1.0,
    1.0,
    1.0,
    1.0,
    1.0,
    1.0,
    1.0,
    1.0
  ],
  "0:2:25ms_queue_ave_put_time": [
    3.781714966814769e-06,
    0.0008992852785417603,
    0.004620671554496794,
    0.004553856137631968,
    0.004129862560975277,
    0.0043388084595790116,
    0.004363059800005324,
    0.00490634541986792,
    0.004598550794815482,
    0.004918258782709017
  ],
  "0:2:25ms_queue_ave_get_time": [
    0.013008710021447194,
    0.004303373985321203,
    1.8273042797038268e-06,
    1.7991388273125801e-06,
    2.1687327799505587e-06,
    1.9670333131216466e-06,
    1.9547331965297232e-06,
    1.7923302948474884e-06,
    1.8619113799196518e-06,
    1.7901475075632334e-06
  ],
  "0:2:25ms_queue_num_items": [
    38,
    34,
    33,
    33,
    33,
    32,
    33,
    33,
    33,
    32
  ],
  "0:3:40ms_c2[2]_queue_timestamp": [
    1764800771.7521796,
    1764800772.7530506,
    1764800773.7541122,
    1764800774.7543166,
    1764800775.7551138,
    1764800776.756069,
    1764800777.7567277,
    1764800778.757246,
    1764800779.7584085,
    1764800780.7593687
  ],
  "0:3:40ms_c2[2]_queue_qps": [
    34.93346334835835,
    32.970975686265554,
    32.96518131937195,
    32.993264060818895,
    32.973526118176345,
    31.96950393516944,
    32.97822520661328,
    32.98292523546016,
    32.96169215155032,
    31.96931392918657
  ],
  "0:3:40ms_c2[2]_queue_occupancy_rate": [
    0.11559707569541311,
    0.998862446501114,
    1.0,
    1.0,
    1.0,
    1.0,
    1.0,
    1.0,
    1.0,
    1.0
  ],
  "0:3:40ms_c2[2]_queue_ave_put_time": [
    3.3808561662832903e-06,
    0.012731825234368445,
    0.019877107461180644,
    0.020251536078638215,
    0.02031890247158254,
    0.02065351280180039,
    0.019336779277320148,
    0.01996938401663844,
    0.019374968004271867,
    0.019220912632590625
  ],
  "0:3:40ms_c2[2]_queue_ave_get_time": [
    0.0206790491938591,
    1.6900541430136242e-06,
    1.8897099476939354e-06,
    1.6765499656884284e-06,
    2.150564934264778e-06,
    2.113454684149474e-06,
    2.017964354966874e-06,
    2.0157630470699663e-06,
    2.607907817680886e-06,
    1.9126018742099404e-06
  ],