{"qps_progress": [0.0, 0.0, 0.0, 0.01960, 0.03921, 0.05882, 0.07843, 0.09803, 0.11764, 0.13725, 0.15686, 0.17647, 0.19607, 0.21568, 0.23529, 0.25490, 0.27450, 0.29411, 0.31372, 0.33333, 0.35294, 0.37254, 0.39215, 0.41176, 0.43137, 0.45098, 0.47058, 0.49019, 0.50980, 0.52941, 0.54901, 0.56862, 0.58823, 0.60784, 0.62745, 0.64705, 0.66666, 0.68627, 0.70588, 0.72549, 0.74509, 0.76470, 0.78431, 0.80392, 0.82352, 0.84313, 0.86274, 0.88235, 0.90196, 0.92156, 0.94117, 0.96078, 0.98039, 1.0], "qps_mean": [2.64677, 3.57961, 3.68220, 4.19988, 3.85661, 4.03202, 4.01345, 4.28924, 4.15916, 4.18421, 4.00328, 4.11490, 3.91890, 3.64332, 3.76922, 3.70205, 3.53869, 3.65586, 3.58430, 3.68154, 3.62205, 3.72631, 3.81293, 3.54382, 3.72380, 3.75496, 3.88210, 3.75489, 3.84858, 3.62499, 3.67680, 3.64462, 3.68641, 3.55463, 3.47014, 3.47452, 3.50587, 3.40765, 3.59155, 3.47037, 3.32335, 3.02397, 2.94533, 2.98257, 2.88237, 2.88561, 2.91041, 2.97865, 3.04269, 3.13992, 3.19752, 3.20575, 3.03941, 2.74009], "qps_stddev": [1.97793, 1.81928, 1.67036, 0.93039, 1.10248, 0.90809, 0.86348, 0.65000, 0.85314, 0.89402, 0.96294, 0.82436, 1.02399, 1.00079, 0.92081, 0.81030, 0.87219, 0.95310, 0.86728, 0.90045, 0.83746, 0.84886, 1.00717, 1.02732, 1.01025, 0.77168, 0.78320, 0.95893, 1.19147, 1.23287, 1.09565, 0.95003, 0.90181, 0.89878, 0.97484, 1.04238, 1.08577, 1.11040, 0.98032, 0.83285, 0.83222, 0.66948, 0.84222, 0.78958, 0.70269, 0.61645, 0.74523, 0.89199, 1.09117, 1.21397, 1.09409, 0.98614, 1.03202, 0.89128], "cpu_progress": [0.0, 0.14, 0.29, 0.43, 0.57, 0.71, 0.86, 1.0], "cpu_util": [44.75, 52.73, 76.51, 73.48, 90.63, 90.83, 99.17, 99.47]} 
