{"qps_progress": [0.0, 0.0, 0.0, 0.0, 0.01960, 0.03921, 0.05882, 0.07843, 0.09803, 0.11764, 0.13725, 0.15686, 0.17647, 0.19607, 0.21568, 0.23529, 0.25490, 0.27450, 0.29411, 0.31372, 0.33333, 0.35294, 0.37254, 0.39215, 0.41176, 0.43137, 0.45098, 0.47058, 0.49019, 0.50980, 0.52941, 0.54901, 0.56862, 0.58823, 0.60784, 0.62745, 0.64705, 0.66666, 0.68627, 0.70588, 0.72549, 0.74509, 0.76470, 0.78431, 0.80392, 0.82352, 0.84313, 0.86274, 0.88235, 0.90196, 0.92156, 0.94117, 0.96078, 0.98039, 1.0], "qps_mean": [0.10791, 1.87514, 2.57384, 2.67391, 3.02341, 3.12603, 3.32061, 3.53444, 3.46963, 3.26175, 3.26541, 3.25010, 3.12243, 3.58137, 3.23714, 3.23993, 3.01573, 2.96503, 2.97348, 2.94934, 2.89418, 2.66501, 2.35917, 2.42358, 2.69232, 2.77047, 2.54807, 2.37015, 2.47146, 2.20014, 2.17202, 2.25608, 2.19878, 2.25824, 1.92781, 1.99448, 2.14607, 2.05767, 1.95278, 2.01574, 1.68691, 1.55761, 1.66053, 1.67427, 1.86622, 1.76643, 1.60481, 1.53903, 1.67944, 1.72388, 1.51765, 1.32410, 1.52983, 1.55146, 1.87647], "qps_stddev": [0, 1.25455, 1.46699, 1.25969, 1.04913, 1.22202, 1.40702, 1.45786, 1.42813, 1.35803, 1.43339, 1.41791, 1.35332, 1.36855, 1.37899, 1.41477, 1.29630, 1.38904, 1.43945, 1.31643, 1.10465, 1.17494, 1.17286, 1.36767, 1.29234, 1.36281, 1.18392, 1.26153, 1.27737, 1.07307, 1.00691, 1.19452, 1.03432, 1.14718, 0.92830, 0.94255, 1.03902, 1.05562, 0.93414, 0.96145, 0.77778, 0.58446, 0.72601, 0.67886, 0.70404, 0.60771, 0.59011, 0.89848, 1.02205, 1.00180, 0.63176, 0.31394, 0.70842, 0.66721, 0.66586], "cpu_progress": [0.0, 0.00806, 0.03225, 0.05645, 0.08064, 0.10483, 0.12903, 0.15322, 0.17741, 0.20161, 0.22580, 0.25, 0.27419, 0.29838, 0.32258, 0.34677, 0.37096, 0.39516, 0.41935, 0.44354, 0.46774, 0.49193, 0.51612, 0.54032, 0.56451, 0.58870, 0.61290, 0.63709, 0.66129, 0.68548, 0.70967, 0.73387, 0.75806, 0.78225, 0.80645, 0.83064, 0.85483, 0.87903, 0.90322, 0.92741, 0.95161, 0.97580, 1.0], "cpu_util": [1.73577, 14.50419, 25.70489, 52.76610, 63.46297, 80.74637, 88.01955, 93.27711, 94.66833, 98.84798, 98.16609, 99.82730, 99.97933, 99.97475, 99.94684, 99.97874, 99.98940, 99.98598, 99.98760, 99.98402, 99.98447, 99.98795, 99.98720, 99.98923, 99.98865, 99.97695, 99.96919, 99.98981, 99.98569, 99.98836, 99.98894, 99.98940, 99.99044, 99.99143, 99.98836, 99.99143, 99.99096, 99.98766, 99.99085, 99.98963, 99.99125, 99.98842, 99.99154]} 