{
  "0:1:40ms_timestamp": [
    1764800749.6797745,
    1764800750.6805897,
    1764800751.6813822,
    1764800752.6817257,
    1764800753.683479,
    1764800754.6840873,
    1764800755.6848218,
    1764800756.6851041,
    1764800757.6856444,
    1764800758.6863616
  ],
  "0:1:40ms_num_tasks": [
    24,
    24,
    24,
    24,
    25,
    24,
    25,
    24,
    25,
    24
  ],
  "0:1:40ms_num_failures": [
    0,
    0,
    0,
    0,
    0,
    0,
    0,
    0,
    0,
    0
  ],
  "0:1:40ms_ave_time": [
    0.04065885780922448,
    0.041561942780390417,
    0.04132941803739718,
    0.04148583719506862,
    0.04063800588250157,
    0.04047364193441653,
    0.040746326725929975,
    0.04093623110869279,
    0.04099792055785649,
    0.04141212488563414
  ],
  "0:2:25ms_timestamp": [
    1764800749.6797204,
    1764800750.680544,
    1764800751.681332,
    1764800752.6816773,
    1764800753.6834328,
    1764800754.684018,
    1764800755.6847975,
    1764800756.6850812,
    1764800757.6856222,
    1764800758.6863394
  ],
  "0:2:25ms_num_tasks": [
    23,
    24,
    25,
    24,
    24,
    25,
    24,
    25,
    24,
    24
  ],
  "0:2:25ms_num_failures": [
    0,
    0,
    0,
    0,
    0,
    0,
    0,
    0,
    0,
    0
  ],
  "0:2:25ms_ave_time": [
    0.026103438222375902,
    0.02614139199916583,
    0.0255707501526922,
    0.025142631833053514,
    0.02546805579913784,
    0.025497936001047456,
    0.025481761287664995,
    0.026202717013657128,
    0.025335757818538696,
    0.0259740967400528
  ],
  "0:3:10ms_timestamp": [
    1764800749.6796598,
    1764800750.6804936,
    1764800751.6805124,
    1764800752.681623,
    1764800753.683381,
    1764800754.6839497,
    1764800755.6847374,
    1764800756.6850288,
    1764800757.685571,
    1764800758.6862872
  ],
  "0:3:10ms_num_tasks": [
    23,
    24,
    24,
    24,
    25,
    25,
    24,
    24,
    25,
    24
  ],
  "0:3:10ms_num_failures": [
    0,
    0,
    0,
    0,
    0,
    0,
    0,
    0,
    0,
    0
  ],
  "0:3:10ms_ave_time": [
    0.010589773857804099,
    0.010653713727757953,
    0.011088102114930123,
    0.010700331981449082,
    0.010579884340986601,
    0.010482537578791388,
    0.01076817650270336,
    0.01085443063251055,
    0.010754003645852243,
    0.010620215199499683
  ],
  "0:0:src_queue_timestamp": [
    1764800749.679799,
    1764800750.6806123,
    1764800751.6814756,
    1764800752.681899,
    1764800753.6835036,
    1764800754.684123,
    1764800755.6848748,
    1764800756.6851583,
    1764800757.6856945,
    1764800758.6864114
  ],
  "0:0:src_queue_qps": [
    24.945025154170622,
    23.980451400334164,
    23.97947477000555,
    23.989951714059494,
    24.959694534286495,
    23.98536386874032,
    24.9810167953316,
    23.993244562570027,
    24.98653665122403,
    23.982796157775663
  ],
  "0:0:src_queue_occupancy_rate": [
    0.9989558349971998,
    1.0,
    1.0,
    1.0,
    1.0,
    1.0,
    1.0,
    1.0,
    1.0,
    1.0
  ],
  "0:0:src_queue_ave_put_time": [
    0.03613012002056672,
    0.04153803801940135,
    0.04131839035350523,
    0.04147096397355199,
    0.04063652753829961,
    0.04045552828271559,
    0.04073110501281917,
    0.040915557260935466,
    0.04098014898598191,
    0.041388132434803916
  ],
  "0:0:src_queue_ave_get_time": [
    4.111548885703087e-05,
    2.442897918323658e-06,
    2.4333324593802472e-06,
    2.5443538712958587e-06,
    2.6307348161935718e-06,
    2.286358115573715e-06,
    2.3712869733572007e-06,
    2.178188879042855e-06,
    2.560187131166458e-06,
    2.106690468887488e-06
  ],
  "0:0:src_queue_num_items": [
    25,
    24,
    24,
    24,
    25,
    24,
    25,
    24,
    25,
    24
  ],
  "0:1:40ms_queue_timestamp": [
    1764800749.6797466,
    1764800750.6805696,
    1764800751.6813595,
    1764800752.681703,
    1764800753.6834576,
    1764800754.6840525,
    1764800755.6848493,
    1764800756.6851306,
    1764800757.6856697,
    1764800758.686387
  ],
  "0:1:40ms_queue_qps": [
    23.947665683211007,
    23.980262541482066,
    23.98109260985171,
    23.99172427239204,
    24.956200767158034,
    23.985927580896345,
    24.979953832808654,
    23.99321980522086,
    24.986509660351523,
    23.98280119087101
  ],
  "0:1:40ms_queue_occupancy_rate": [
    0.02219755980563487,
    0.00041030895244420496,
    0.0058403315533857025,
    0.001642696403165278,
    0.0,
    0.026692398953922503,
    0.0,
    0.015191892047755062,
    0.0,
    0.004299650863548554
  ],
  "0:1:40ms_queue_ave_put_time": [
    3.7765809490034985e-06,
    3.7615924763182806e-06,
    4.058063495904206e-06,
    3.375326438496508e-06,
    3.499109297990801e-06,
    2.8315698727965355e-06,
    3.3505633473396347e-06,
    2.7449568733572913e-06,
    3.0253548175096383e-06,
    2.5879708118736744e-06
  ],
  "0:1:40ms_queue_ave_get_time": [
    0.015695407065019634,
    0.015427796810399741,
    0.015664141576659574,
    0.01639994701448207,
    0.015239626867696634,
    0.014990398834925136,
    0.015270013064146024,
    0.014709492602075139,
    0.015682692490518093,
    0.015453118054817139
  ],
  "0:1:40ms_queue_num_items": [
    24,
    24,
    24,
    24,
    25,
    24,
    25,
    24,
    25,
    24
  ],
  "0:2:25ms_queue_timestamp": [
    1764800749.6796947,
    1764800750.6805212,
    1764800751.6813002,
    1764800752.681653,
    1764800753.6834106,
    1764800754.6839879,
    1764800755.6847746,
    1764800756.685058,
    1764800757.6855998,
    1764800758.6863155
  ],
  "0:2:25ms_queue_qps": [
    22.950357981659213,
    23.98006453660513,
    24.981361302215742,
    23.9907954520812,
    23.95789429097321,
    24.985743857890775,
    23.981143960315386,
    24.99272461774661,
    23.987001252892643,
    23.982827338449148
  ],
  "0:2:25ms_queue_occupancy_rate": [
    0.034248258375061846,
    0.0037135867007831447,
    0.0,
    0.0007325668911561944,
    0.019700235144920475,
    0.0,
    0.015753004689047945,
    0.0,
    0.013074070308837116,
    0.00733954952663074
  ],
  "0:2:25ms_queue_ave_put_time": [
    4.724569051809934e-06,
    4.1589179697136096e-06,
    4.685809835791586e-06,
    4.080706275999546e-06,
    4.308084802081187e-06,
    3.6329124122858005e-06,
    3.9781734813004825e-06,
    3.4223031252622647e-06,
    3.883944979558397e-06,
    3.027923715611308e-06
  ],
  "0:2:25ms_queue_ave_get_time": [
    0.031880650689582464,
    0.03082830110603636,
    0.030169699657708396,
    0.03087662064353937,
    0.03035649813440011,
    0.02981583718210466,
    0.030208198858114543,
    0.029976167734712327,
    0.03033316897926852,
    0.030669089639559426
  ],
  "0:2:25ms_queue_num_items": [
    23,
    24,
    25,
    24,
    24,
    25,
    24,
    25,
    24,
    24
  ],
  "0:3:10ms_queue_timestamp": [
    1764800749.6796157,
    1764800750.6804612,
    1764800751.6804776,
    1764800752.681588,
    1764800753.6833463,
    1764800754.6839063,
    1764800755.684706,
    1764800756.6849942,
    1764800757.6855378,
    1764800758.686241
  ],
  "0:3:10ms_queue_qps": [
    22.95129146321718,
    23.979440937168093,
    23.999779060654276,
    23.97334942548682,
    24.956074487542242,
    24.986362618684,
    23.98037290636676,
    23.99316842536759,
    24.98637110773632,
    23.983159288193352
  ],
  "0:3:10ms_queue_occupancy_rate": [
    0.023269754282952415,
    0.003463425785714125,
    0.005069455494824626,
    0.003480693337913454,
    0.0,
    0.0,
    0.0155371889542818,
    0.015227184068700161,
    0.0,
    0.00832613519944736
  ],
  "0:3:10ms_queue_ave_put_time": [
    4.249392077326774e-06,
    3.6075847068180667e-06,
    4.190563534696895e-06,
    4.250672645866871e-06,
    3.484133630990982e-06,
    3.4682545810937884e-06,
    3.857169455538194e-06,
    3.176217433065176e-06,
    3.5548862069845155e-06,
    2.85514397546649e-06
  ],