{"baseline": {"step": [750, 1000, 1210, 1550, 2120, 2230, 2460, 2540, 4210, 4230, 4680, 4710, 5100, 5150, 5530, 5840, 6040, 6370, 6540, 6630, 8160, 8660, 9210, 9370, 9660, 10020, 10160, 10630, 10860, 12180, 13260, 13430, 13470, 14170, 14180, 14320, 14940, 16160, 16750, 17470, 17500, 18110, 18310, 18900, 19260, 19750, 20130, 20680, 21280, 21610, 21810, 22040, 23060, 23240, 23250, 23380, 23550, 23850, 24790, 25030, 25330, 25510, 25790, 25810, 25840, 26210, 26540, 26580, 26630, 26650, 26990, 27010, 27530, 27600, 27680, 27730, 28710, 29070, 29170, 29260, 29650, 29950, 30320, 30660, 30830, 31110, 31630, 32620, 32640, 32680, 34350, 34450, 35360, 36400, 37350, 37920, 38050, 39430, 39470, 40010, 40040, 40080, 40760, 40810, 40820, 41240, 41280, 41740, 41850, 41870, 42460, 43010, 43150, 43490, 43560, 44630, 45280, 45880, 46100, 46180, 46220, 46450, 47170, 47410, 47980, 48330, 48500, 49380, 50050, 50560, 51070, 51480, 51830, 52510, 52600, 52730, 52910, 52960, 53320, 53330, 53400, 53500, 53990, 54710, 54830, 55080, 55420, 55480, 55490, 55880, 56110, 56120, 56690, 56780, 56970, 58870, 59410, 59680, 59780, 59990, 60060, 60660, 61130, 61270, 61420, 62150, 64090, 64280, 64710, 64730, 64820, 65020, 65150, 65660, 65940, 66000, 66140, 66510, 66520, 66870, 67070, 67230, 68580, 68650, 68660, 69010, 69020, 69120, 70320, 71190, 71210, 71480, 72750, 73510, 73660, 74350, 75020, 75300, 75380, 75440, 75600, 75880, 76030, 76060, 76130, 76770, 76820, 77420, 77460, 77500, 77820, 77930, 78450, 78990, 79190, 79550, 79670, 79820, 80740, 80810, 81200, 81480, 81560, 81800, 82080, 83310, 83450, 83950, 84690, 84970, 85310, 85350, 85530, 85540, 86530, 86670, 86740, 86970, 87440, 88100, 88370, 89980, 90320, 90740, 91280, 91450, 91590, 92020, 92200, 92350, 92990, 93250, 93390, 93440, 93600, 93910, 95480, 95920, 96290, 96320, 96670, 97010, 97240, 97260, 97540, 97930, 98010, 98980, 99180, 99210], "value": [0.11138, 0.11614, 0.11583, 0.11164, 0.11481, 0.11531, 0.11206, 0.11270, 0.11236, 0.11244, 0.11518, 0.11237, 0.11678, 0.11457, 0.11289, 0.11436, 0.11687, 0.11513, 0.11572, 0.11712, 0.11945, 0.12580, 0.11755, 0.11617, 0.11332, 0.11504, 0.12004, 0.12305, 0.11608, 0.11680, 0.11961, 0.11948, 0.11813, 0.11072, 0.11949, 0.25610, 0.11938, 0.12167, 0.12503, 0.12032, 0.12176, 0.11859, 0.12021, 0.11701, 0.11407, 0.12444, 0.12236, 0.11652, 0.12064, 0.11940, 0.11328, 0.11992, 0.12091, 0.11480, 0.12710, 0.11853, 0.12535, 0.12204, 0.12295, 0.12142, 0.12082, 0.12265, 0.12493, 0.11959, 0.12641, 0.12409, 0.11850, 0.11766, 0.11472, 0.12554, 0.11625, 0.11915, 0.12412, 0.11945, 0.12688, 0.12257, 0.13114, 0.11908, 0.12360, 0.11798, 0.11728, 0.11963, 0.12613, 0.12149, 0.12065, 0.12967, 0.13495, 0.12699, 0.12751, 0.12021, 0.11744, 0.12209, 0.13283, 0.11909, 0.12095, 0.11688, 0.12214, 0.12163, 0.11972, 0.12225, 0.12492, 0.12878, 0.12235, 0.12143, 0.12215, 0.12372, 0.12177, 0.12229, 0.11934, 0.11841, 0.12583, 0.13080, 0.12245, 0.12670, 0.12434, 0.11706, 0.12402, 0.12582, 0.12549, 0.12520, 0.12664, 0.12310, 0.12313, 0.12517, 0.12581, 0.11884, 0.13075, 0.12193, 0.12817, 0.13323, 0.12084, 0.12019, 0.11859, 0.12925, 0.12183, 0.13549, 0.12738, 0.12098, 0.12341, 0.12080, 0.12632, 0.13180, 0.11862, 0.12524, 0.12147, 0.12773, 0.12263, 0.12509, 0.11993, 0.12362, 0.12679, 0.12489, 0.11994, 0.12421, 0.12801, 0.12810, 0.12400, 0.12690, 0.11830, 0.11768, 0.13291, 0.12226, 0.13043, 0.12140, 0.12106, 0.12207, 0.11758, 0.12733, 0.11915, 0.12279, 0.12397, 0.12341, 0.12250, 0.12544, 0.11775, 0.12636, 0.12446, 0.12767, 0.13549, 0.11988, 0.12209, 0.12807, 0.12387, 0.12820, 0.12565, 0.12241, 0.11791, 0.12224, 0.12049, 0.12008, 0.12751, 0.12781, 0.12112, 0.12157, 0.11722, 0.12707, 0.12349, 0.11561, 0.12664, 0.12552, 0.13164, 0.11877, 0.11870, 0.12663, 0.12141, 0.11848, 0.12540, 0.11670, 0.12427, 0.12322, 0.12314, 0.12375, 0.13391, 0.12269, 0.13466, 0.12625, 0.11069, 0.11900, 0.12231, 0.12952, 0.13605, 0.12464, 0.12086, 0.12652, 0.12261, 0.12841, 0.13031, 0.12796, 0.11263, 0.11929, 0.12903, 0.12276, 0.12391, 0.12576, 0.12158, 0.12601, 0.12365, 0.12111, 0.11542, 0.12338, 0.13079, 0.12076, 0.12135, 0.12432, 0.12103, 0.13018, 0.12421, 0.13703, 0.12315, 0.12790, 0.11600, 0.11738, 0.12541, 0.12787, 0.12611, 0.12002, 0.12692, 0.12067, 0.11416, 0.12996, 0.12239, 0.12498, 0.12811, 0.12824, 0.12106, 0.12791, 0.12203, 0.12766, 0.12873, 0.12669]}, "headspace": {"step": [600, 800, 967, 1237, 1695, 1779, 1962, 2032, 3368, 3377, 3739, 3767, 4078, 4117, 4419, 4665, 4828, 5051, 5089, 5225, 5301, 6521, 6523, 6625, 6923, 7362, 7493, 7723, 8014, 8126, 8499, 8682, 8901, 9739, 10606, 10739, 10774, 11335, 11344, 11454, 11528, 11945, 12879, 12924, 13258, 13394, 13640, 13976, 13997, 14481, 14647, 15115, 15403, 15800, 16097, 16539, 17022, 17288, 17448, 17626, 18445, 18587, 18596, 18699, 18840, 19080, 19831, 20020, 20074, 20260, 20401, 20632, 20646, 20666, 20962, 21226, 21259, 21303, 21320, 21590, 21603, 21989, 22023, 22074, 22144, 22177, 22968, 23254, 23333, 23405, 23574, 23716, 23959, 24252, 24527, 24659, 24888, 25301, 26095, 26107, 26140, 27476, 27554, 28281, 29113, 29880, 30334, 30436, 30505, 31028, 31542, 31574, 32004, 32027, 32064, 32151, 32607, 32642, 32653, 32719, 32990, 33022, 33392, 33480, 33495, 33968, 34405, 34517, 34789, 34792, 34843, 34889, 35701, 36221, 36703, 36873, 36940, 36972, 37153, 37734, 37926, 38384, 38663, 38796, 39500, 40034, 40086, 40446, 40854, 41177, 41300, 41458, 42004, 42074, 42177, 42323, 42368, 42649, 42663, 42718, 42793, 43188, 43761, 43864, 44057, 44332, 44378, 44385, 44392, 44701, 44888, 44890, 45351, 45419, 45573, 47094, 47526, 47740, 47824, 47990, 48042, 48525, 48902, 49009, 49130, 49719, 51268, 51421, 51764, 51781, 51853, 52016, 52115, 52524, 52748, 52797, 52912, 53206, 53216, 53495, 53656, 53782, 54857, 54918, 54927, 55204, 55211, 55292, 56249, 56631, 56946, 56965, 57178, 58195, 58804, 58926, 59478, 60009, 60239, 60300, 60351, 60477, 60702, 60822, 60842, 60898, 61413, 61454, 61931, 61963, 61995, 62249, 62340, 62344, 62755, 63187, 63351, 63638, 63729, 63856, 64276, 64587, 64644, 64957, 65182, 65183, 65245, 65437, 65660, 66642, 66753, 67154, 67751, 67970, 68065, 68241, 68276, 68417, 68431, 69217, 69274, 69329, 69387, 69490, 69575, 69951, 70476, 70694, 71084, 71225, 71979, 72061, 72254, 72592, 73020, 73156, 73268, 73614, 73757, 73875, 74390, 74478, 74598, 74709, 74747, 74875, 75126, 76384, 76732, 76734, 77032, 77051, 77333, 77605, 77787, 77806, 78025, 78338, 78408, 79180, 79281, 79343, 79361, 79364, 80433, 80634, 80677, 80972, 81393, 81613, 81740, 81872, 81905, 82001, 82350, 82674, 82947, 83928, 84248, 84911, 85109, 85385, 85479, 85750, 85876, 85911, 86862, 87324, 87337, 88215, 88828, 89382, 89854, 90480, 90898, 91613, 91656, 92676, 92766, 93275, 93475, 94156, 94539, 94576, 95405, 95537, 96401, 96440, 96493, 96979, 97193, 97234, 97901, 97914, 97950, 98038, 98454, 98567, 98840, 99158, 99296, 99684, 99814, 99856, 99866],