{"step": [200, 400, 600, 800, 1000, 1200, 1400, 1600, 1800, 2000, 2200, 2400, 2600, 2800, 3000, 3200, 3400, 3600, 3800, 4000, 4200, 4400, 4600, 4800, 5000, 5200, 5400, 5600, 5800, 6000, 6200, 6400, 6600, 6800, 7000, 7200, 7400, 7600, 7800, 8000, 8200, 8400, 8600, 8800, 9000, 9200, 9400, 9600, 9800, 10000, 10200, 10400, 10600, 10800, 11000, 11200, 11400, 11600, 11800, 12000, 12200, 12400, 12600, 12800, 13000, 13200, 13400, 13600, 13800, 14000, 14200, 14400, 14600, 14800, 15000, 15200, 15400, 15600, 15800, 16000, 16200, 16400, 16600, 16800, 17000, 17200, 17400, 17600, 17800, 18000, 18200, 18400, 18600, 18800, 19000, 19200, 19400, 19600, 19800, 20000, 20200, 20400, 20600, 20800, 21000, 21200, 21400, 21600, 21800, 22000, 22200, 22400, 22600, 22800, 23000, 23200, 23400, 23600, 23800, 24000, 24200, 24400, 24600, 24800, 25000, 25200, 25400, 25600, 25800, 26000, 26200, 26400, 26600, 26800, 27000, 27200, 27400, 27600, 27800, 28000, 28200, 28400, 28600, 28800, 29000, 29200, 29400, 29600, 29800, 30000, 30200, 30400, 30600, 30800, 31000, 31200, 31400, 31600, 31800, 32000, 32200, 32400, 32600, 32800, 33000, 33200, 33400, 33600, 33800, 34000, 34200, 34400, 34600, 34800, 35000, 35200, 35400, 35600, 35800, 36000, 36200, 36400, 36600, 36800, 37000, 37200, 37400, 37600, 37800, 38000, 38200, 38400, 38600, 38800, 39000, 39200, 39400, 39600, 39800, 40000, 40200, 40400, 40600, 40800, 41000, 41200, 41400, 41600, 41800, 42000, 42200, 42400, 42600, 42800, 43000, 43200, 43400, 43600, 43800, 44000, 44200, 44400, 44600, 44800, 45000, 45200, 45400, 45600, 45800, 46000, 46200, 46400, 46600, 46800, 47000, 47200, 47400, 47600, 47800, 48000, 48200, 48400, 48600, 48800, 49000, 49200, 49400, 49600, 49800, 50000], "NPZ, multi-processing (Baseline)": [41.29166, 407.63076, 362.22280, 407.94430, 402.09658, 406.62429, 402.52499, 400.86868, 397.83334, 393.82708, 400.50268, 395.88848, 340.22244, 395.18951, 396.24523, 397.43600, 401.46047, 399.18496, 397.30825, 397.77957, 393.80645, 395.52993, 391.51538, 393.19351, 390.69696, 345.11560, 382.06634, 384.88189, 386.85217, 383.73443, 387.57452, 388.87207, 392.47216, 388.30789, 394.35006, 394.45806, 377.84222, 351.21350, 369.18975, 394.06765, 387.25210, 389.80096, 387.03836, 391.62847, 390.53890, 389.60656, 387.79205, 388.79269, 386.44046, 312.55636, 298.37026, 388.11422, 387.38674, 388.17318, 384.64376, 384.79629, 378.19482, 386.21261, 376.98617, 351.62216, 370.72164, 387.15463, 344.59005, 385.51562, 386.73474, 388.17764, 387.16497, 381.16082, 379.11993, 381.29656, 386.48599, 381.60162, 382.48226, 388.32272, 387.31195, 339.60110, 377.65307, 379.71670, 377.10440, 382.37518, 386.93222, 383.69360, 380.92370, 370.12435, 381.50692, 383.94387, 378.88345, 322.54119, 382.17587, 377.58163, 379.14031, 380.04940, 377.31658, 373.91085, 362.75790, 374.82476, 363.88385, 384.01974, 381.46466, 330.65396, 315.49563, 381.48049, 380.21801, 375.52078, 382.47692, 386.72814, 374.05508, 375.84484, 381.45361, 382.20303, 379.82574, 372.63986, 338.59298, 366.45135, 363.73147, 379.47833, 378.00601, 377.39126, 379.29412, 377.80703, 377.23098, 376.90008, 374.59606, 377.70788, 380.24649, 319.86141, 380.54959, 376.74368, 378.29187, 375.28753, 383.25741, 377.52264, 376.48663, 373.67349, 362.89672, 378.49499, 334.96972, 333.18176, 380.91241, 375.66036, 379.30584, 376.60287, 377.06875, 377.47525, 373.05636, 369.61056, 368.44692, 369.37954, 374.70690, 328.16232, 304.72875, 376.25350, 373.86614, 370.61834, 359.19482, 372.98297, 375.26766, 375.13848, 370.03686, 369.60049, 370.40484, 370.91107, 324.30908, 378.13330, 358.97415, 328.45303, 377.49337, 382.29406, 377.70578, 378.06771, 372.33801, 366.08709, 368.95260, 371.88577, 376.09317, 313.83410, 370.00097, 369.38711, 375.23895, 376.17544, 374.53399, 377.27230, 374.59091, 371.10125, 364.94717, 369.58062, 366.90158, 333.99734, 369.40319, 371.79486, 354.51254, 367.43429, 368.32061, 369.53903, 370.46826, 351.69671, 367.90554, 366.44714, 370.17993, 305.47250, 298.50579, 370.55743, 368.26412, 371.61685, 370.31634, 368.76718, 370.00219, 368.12377, 370.44613, 368.63320, 367.22177, 369.07843, 330.76617, 372.68847, 368.74655, 373.16491, 370.12915, 373.56225, 372.65075, 363.38989, 373.69396, 372.61630, 370.51678, 369.26348, 373.19573, 331.59146, 371.53677, 371.14251, 373.89736, 373.03656, 360.45761, 368.92636, 373.24539, 374.78546, 368.33398, 368.68963, 369.22424, 308.99792, 366.90557, 364.02972, 362.86685, 337.06948, 330.01989, 324.28457, 371.62475, 368.18780, 372.55517, 361.31369, 365.22906, 319.55691], "NPZ, multi-threading": [202.17344, 245.25117, 205.94873, 251.19615, 250.70242, 253.50576, 252.76364, 250.94471, 251.72450, 251.40103, 248.52864, 249.24487, 214.30032, 253.30473, 252.81187, 253.25566, 252.90184, 254.35343, 253.43167, 250.39022, 246.84248, 238.67672, 232.85096, 250.22061, 250.57925, 230.63108, 250.72937, 249.36134, 252.79064, 247.69599, 252.47663, 230.41416, 246.54222, 251.67897, 253.27615, 253.21446, 251.91270, 231.60717, 247.61524, 252.20004, 250.91435, 226.36497, 251.10395, 251.26148, 251.03472, 251.57025, 250.64820, 251.07929, 245.57389, 223.29478, 215.10057, 251.70042, 250.40890, 247.07885, 253.34109, 254.05627, 250.69879, 237.87287, 235.34321, 251.89465, 253.00788, 254.05560, 227.25502, 253.77261, 252.50639, 250.58868, 252.44674, 229.66320, 243.31398, 252.83361, 253.58195, 253.18132, 248.07566, 254.58181, 252.77517, 233.09432, 251.50752, 228.97598, 242.58583, 252.65335, 251.45918, 246.93550, 252.67819, 251.15472, 250.42468, 252.78736, 251.28781, 209.76367, 246.94309, 250.06919, 251.33456, 246.85043, 250.77273, 252.28823, 253.94506, 253.14167, 253.38575, 224.95805, 244.93455, 232.02003, 222.03918, 253.06082, 253.58255, 239.89109, 238.58891, 253.47424, 247.84132, 251.75541, 254.27398, 253.00436, 254.18296, 252.47668, 233.85494, 231.60833, 243.19509, 247.42282, 252.36877, 254.31196, 254.25765, 253.61271, 253.52229, 254.22506, 255.57789, 224.37814, 254.98464, 230.44692, 254.65284, 252.33268, 253.96208, 253.33068, 251.92179, 251.35279, 244.86746, 227.99649, 247.87292, 254.47644, 253.10847, 232.57385, 251.79559, 251.62063, 251.29502, 250.29501, 243.25805, 231.05372, 248.82200, 254.35197, 252.64820, 252.42132, 251.57084, 225.66041, 213.12150, 253.43618, 252.83624, 253.55358, 253.41967, 253.43222, 253.52073, 252.08703, 249.12652, 226.16983, 248.54774, 253.04362, 229.58677, 248.99975, 251.67509, 250.50485, 251.11753, 250.73408, 243.37290, 225.68229, 252.13282, 252.57571, 249.46345, 251.87294, 252.43167, 230.60610, 249.88145, 247.90153, 250.27958, 227.63922, 253.43782, 251.93853, 250.80737, 251.98205, 252.24159, 251.83245, 250.29431, 226.51438, 241.78347, 230.30125, 253.52241, 256.89895, 253.28701, 249.64596, 220.72656, 250.27746, 251.21911, 248.62106, 234.24935, 224.68713, 221.79730, 250.33515, 246.55271, 253.05490, 246.28422, 230.53417, 248.94682, 250.44238, 251.78376, 250.62974, 250.23382, 251.44477, 227.26092, 251.92155, 245.50189, 231.14147, 252.72209, 252.99362, 252.78466, 251.78649, 253.51716, 247.51573, 252.39715, 254.21624, 238.24412, 217.61753, 252.96720, 252.74792, 252.93672, 253.56478, 254.29806, 249.46044, 252.11711, 254.00521, 234.84251, 240.07701, 251.39465, 234.09608, 254.71162, 254.05813, 248.84793, 253.80848, 252.60964, 252.30709, 235.21463, 236.72880, 253.40571, 254.50382, 254.26812, 236.30287],