{
  "0:1:6ms_timestamp": [
    1764963576.158192,
    1764963577.1589527,
    1764963578.1592076,
    1764963579.1594281,
    1764963580.1597075,
    1764963581.160476,
    1764963582.1611135,
    1764963583.162012,
    1764963584.1622882,
    1764963585.1628363
  ],
  "0:1:6ms_num_tasks": [
    148,
    147,
    148,
    149,
    149,
    149,
    148,
    149,
    148,
    150
  ],
  "0:1:6ms_num_failures": [
    0,
    0,
    0,
    0,
    0,
    0,
    0,
    0,
    0,
    0
  ],
  "0:1:6ms_ave_time": [
    0.006627001137334253,
    0.006638714107589759,
    0.006617368692909734,
    0.006611229923722516,
    0.006617329316213733,
    0.006633517721467853,
    0.006623461457107808,
    0.006579761393368226,
    0.006648704590514959,
    0.006536796023137844
  ],
  "0:2:aggregate(6, drop_last=False)_timestamp": [
    1764963576.1581268,
    1764963577.1589003,
    1764963578.1591547,
    1764963579.1593733,
    1764963580.159655,
    1764963581.1604223,
    1764963582.1610558,
    1764963583.1619632,
    1764963584.1622176,
    1764963585.1627831
  ],
  "0:2:aggregate(6, drop_last=False)_num_tasks": [
    147,
    148,
    148,
    149,
    149,
    148,
    149,
    149,
    147,
    150
  ],
  "0:2:aggregate(6, drop_last=False)_num_failures": [
    0,
    0,
    0,
    0,
    0,
    0,
    0,
    0,
    0,
    0
  ],
  "0:2:aggregate(6, drop_last=False)_ave_time": [
    0.0001843837517484718,
    0.00018677208415308127,
    0.00019142451394047323,
    0.00016840677802144728,
    0.00013063619563343559,
    0.00012830635092246295,
    0.00016746130121884312,
    0.0001572500758073076,
    0.0001771983937645445,
    0.00017964510712772496
  ],
  "0:0:src_queue_timestamp": [
    1764963576.158468,
    1764963577.1589775,
    1764963578.1592329,
    1764963579.159454,
    1764963580.1597335,
    1764963581.1605017,
    1764963582.161141,
    1764963583.1620352,
    1764963584.1623938,
    1764963585.162868
  ],
  "0:0:src_queue_qps": [
    148.81103750883597,
    146.9222826518658,
    147.9622388534179,
    148.96716242756995,
    148.95838400539876,
    147.88634491477987,
    148.90506794532132,
    148.86622183283487,
    147.9483053661872,
    148.9293244007937
  ],
  "0:0:src_queue_occupancy_rate": [
    0.9990482146061272,
    1.0,
    1.0,
    1.0,
    1.0,
    1.0,
    1.0,
    1.0,
    1.0,
    1.0
  ],
  "0:0:src_queue_ave_put_time": [
    0.006478123399213152,
    0.006618029490227285,
    0.006605761701467674,
    0.0065979494857008264,
    0.006610218541784195,
    0.006627121446276626,
    0.006623929914949618,
    0.006582350595135429,
    0.006640836061607696,
    0.006528442194247794
  ],
  "0:0:src_queue_ave_get_time": [
    8.277123131407989e-06,
    2.4071457434673566e-06,
    2.5083962198648934e-06,
    2.177269666786956e-06,
    1.9240155566058643e-06,
    1.981064702409345e-06,
    2.261152765994904e-06,
    2.379672939345323e-06,
    2.3504520917462336e-06,
    2.537868079423107e-06
  ],
  "0:0:src_queue_num_items": [
    149,
    147,
    148,
    149,
    149,
    148,
    149,
    149,
    148,
    149
  ],
  "0:1:6ms_queue_timestamp": [
    1764963576.1581652,
    1764963577.1589282,
    1764963578.1591854,
    1764963579.1594043,
    1764963580.159685,
    1764963581.160453,
    1764963582.1610909,
    1764963583.1619916,
    1764963584.1622493,
    1764963585.1628137
  ],
  "0:1:6ms_queue_qps": [
    147.8513226415985,
    146.88702301231683,
    147.96226103365294,
    148.9673578297708,
    148.958059229833,
    147.8865415799135,
    148.90567452286683,
    148.86495416157615,
    147.962265476589,
    149.91524017488837
  ],
  "0:1:6ms_queue_occupancy_rate": [
    0.002607391163250261,
    0.007629092491860168,
    0.0024846562053089105,
    0.0,
    0.0014788516871745427,
    0.0,
    0.0038541904597649834,
    0.00418970798682905,
    0.0,
    0.0021942745943227537
  ],
  "0:1:6ms_queue_ave_put_time": [
    3.6810367443674326e-06,
    3.7758066287251595e-06,
    4.075357463915604e-06,
    3.2853450776146648e-06,
    2.553689624839184e-06,
    2.6901533839686606e-06,
    3.5220936469330866e-06,
    3.5785913667422958e-06,
    3.562618764369057e-06,
    3.679512689510964e-06
  ],
  "0:1:6ms_queue_ave_get_time": [
    0.006514961673953646,
    0.0065162962660522935,
    0.006497139556371175,
    0.006502541796235518,
    0.006534141199288252,
    0.006548721250461257,
    0.006524864902982346,
    0.006484906439163171,
    0.006536888251257311,
    0.006425634861613325
  ],
  "0:1:6ms_queue_num_items": [
    148,
    147,
    148,
    149,
    149,
    148,
    149,
    149,
    148,
    150
  ],
  "0:2:aggregate(6, drop_last=False)_queue_timestamp": [
    1764963576.1580818,
    1764963577.1588655,
    1764963578.1591218,
    1764963579.1593382,
    1764963580.1596215,
    1764963581.1603856,
    1764963582.161021,
    1764963583.1619318,
    1764963584.1621714,
    1764963585.1627467
  ],
  "0:2:aggregate(6, drop_last=False)_queue_qps": [
    23.977259698842893,
    24.980310520543014,
    23.99372571305917,
    24.994662013206415,
    24.992935650758973,
    24.98085671837753,
    24.984160590536337,
    23.978086904334628,
    24.994262821527474,
    24.98546395720636
  ],
  "0:2:aggregate(6, drop_last=False)_queue_occupancy_rate": [
    0.02711783148367508,
    0.0,
    0.026701549284454895,
    0.0,
    0.0,
    0.0,
    0.0,
    0.03707950813202732,
    0.0,
    0.0
  ],
  "0:2:aggregate(6, drop_last=False)_queue_ave_put_time": [
    2.729104987035195e-06,
    2.937335520982741e-06,
    3.2733757204065744e-06,
    2.807304263114928e-06,
    2.387557178735731e-06,
    2.5346223264932634e-06,
    2.9593240469694114e-06,
    2.823479007929559e-06,
    3.0516833066940263e-06,
    2.940464764833459e-06
  ],
  "0:2:aggregate(6, drop_last=False)_queue_ave_get_time": [
    0.04058925173982667,
    0.04061894193291664,
    0.040579477722834136,
    0.04025865794159469,
    0.040339587526395985,
    0.04036598833277821,
    0.04054975815117366,
    0.04017051566430977,
    0.040719518642872606,
    0.04004897825419896
  ],
  "0:2:aggregate(6, drop_last=False)_queue_num_items": [
    24,
    25,
    24,
    25,
    25,
    25,
    25,
    24,
    25,
    25
  ],
  "0:3:sink_queue_timestamp": [
    1764963576.1580193,
    1764963577.1588128,
    1764963578.159075,
    1764963579.1592891,
    1764963580.1595724,
    1764963581.1603382,
    1764963582.1609719,
    1764963583.1618848,
    1764963584.162003,
    1764963585.1626744
  ],
  "0:3:sink_queue_qps": [
    23.98147584672321,
    24.97901715176481,
    23.993771359466553,
    24.994856985312307,
    24.992702430283867,
    24.981183999856388,
    24.983998020069336,
    23.978049728781652,
    24.9973854980137,
    24.982990328030674
  ],
  "0:3:sink_queue_occupancy_rate": [
    0.026752929396280822,
    0.0,
    0.026499273648449284,
    0.0,
    0.0,
    0.0,
    0.0,
    0.03695967788493171,
    0.0,
    0.0
  ],
  "0:3:sink_queue_ave_put_time": [
    2.0245885631690426e-06,
    1.9791349768638597e-06,
    1.8454156816005707e-06,
    1.8823798745870633e-06,
    1.7518736422061888e-06,
    1.8681958317756632e-06,
    2.0852684974670367e-06,
    1.8864035761604775e-06,
    2.0285695791244527e-06,
    1.8823798745870612e-06
  ],
  "0:3:sink_queue_ave_get_time": [
    0.011617125991809493,
    0.010423153452575207,
    0.01036841713357716,
    0.010040924241766325,
    0.010100370123982438,
    0.010131869958713659,
    0.01031417661346496,
    0.009932863040982426,
    0.010500791808590293,
    0.009819576349109394
  ],
  "0:3:sink_queue_num_items": [
    24,
    25,
    24,
    25,
    25,
    25,
    25,
    24,
    25,
    25
  ]
}
